customer_age,customer_tenure_months,order_value,items_quantity,discount_value,payment_installments,delivery_time_days,delivery_delay_days,freight_value,delivery_attempts,customer_service_contacts,resolution_time_days,complaints_count,ratio_atraso_entrega,custo_por_item,intensidade_problema,entrega_no_prazo,score_logistica,cliente_longa_data,pct_desconto
43,11,591.83,2,23.01,6,2,2,47.96,1,2,1,4,0.6666666666666666,319.89500000000004,10,0,-5,0,3.881382521127473
67,86,480.97,4,4.51,8,13,0,11.72,2,2,3,3,0.0,123.17250000000001,24,1,3,1,0.9357428885615287
35,93,361.43,6,26.03,9,10,2,38.98,3,0,3,2,0.18181818181818182,66.735,0,0,-7,1,7.18207653891786
43,115,199.51,5,2.52,4,8,1,41.86,3,1,10,5,0.1111111111111111,48.274,60,0,-5,1,1.2567951723106079
57,39,109.86,5,2.44,2,14,1,31.83,1,7,0,9,0.06666666666666667,28.338,0,0,-3,0,2.2009742016958325
20,31,124.88,6,51.18,11,10,1,33.27,3,2,5,4,0.09090909090909091,26.358333333333334,50,0,-5,0,40.65776930409915
65,60,761.74,3,75.54,3,11,1,47.38,2,3,9,6,0.08333333333333333,269.70666666666665,189,0,-4,0,9.90376799433621
63,29,640.32,1,3.91,5,9,3,46.03,1,0,0,5,0.3,686.35,0,0,-7,0,0.6096800349279611
19,18,424.63,5,46.47,6,7,2,51.03,1,0,6,2,0.25,95.13199999999999,0,0,-5,0,10.917933416347532
65,69,233.71,4,160.42,6,12,2,36.9,1,0,6,1,0.15384615384615385,67.6525,0,0,-5,1,68.34817434280602
51,82,411.08,5,26.7,5,8,1,52.95,1,2,2,5,0.1111111111111111,92.806,24,0,-3,1,6.479324403028539
53,64,336.22,1,12.01,6,6,0,57.32,1,0,10,2,0.0,393.54,0,1,4,1,3.5614732222288117
21,88,136.36,4,49.98,4,8,2,31.54,3,3,10,5,0.2222222222222222,41.975,180,0,-7,1,36.38613861386138
57,87,932.07,5,3.24,5,7,3,39.47,2,2,9,4,0.375,194.30800000000002,90,0,-8,1,0.3472408286623726
36,65,294.43,6,49.91,8,6,2,35.0,1,0,3,1,0.2857142857142857,54.905,0,0,-5,1,16.89401888772298
46,72,287.21,3,17.12,7,12,1,32.45,1,1,3,2,0.07692307692307693,106.55333333333333,9,0,-3,1,5.940113111966969
49,7,94.23,1,21.63,3,7,1,58.3,3,1,11,3,0.125,152.53,44,0,-5,0,22.713430641604536
39,73,485.01,6,9.19,11,6,3,53.99,3,0,8,2,0.42857142857142855,89.83333333333333,0,0,-9,1,1.8909075944939406
47,28,352.41,2,17.58,6,5,5,21.67,2,3,2,5,0.8333333333333334,187.04000000000002,36,0,-12,0,4.97439234882997
54,70,193.66,2,145.81,7,11,2,43.48,3,1,3,3,0.16666666666666666,118.57,12,0,-7,1,74.9049624987157
20,25,49.35,4,23.17,8,11,1,54.88,2,2,6,4,0.08333333333333333,26.0575,60,0,-4,0,46.01787487586892
37,51,689.71,6,28.16,11,12,1,42.06,3,2,9,6,0.07692307692307693,121.96166666666666,126,0,-5,0,4.076964283128954
19,61,552.92,5,22.51,3,4,1,43.12,3,4,7,6,0.2,119.208,196,0,-5,1,4.063763720392837
54,69,214.21,5,9.15,4,4,4,47.49,2,2,7,7,0.8,52.339999999999996,112,0,-10,1,4.251661168161331
54,20,496.11,6,101.13,9,11,6,29.64,1,2,4,5,0.5,87.625,48,0,-13,0,20.343585926656072
47,22,293.76,2,23.4,7,4,0,39.26,3,1,2,2,0.0,166.51,6,1,2,0,7.938661962274393
48,86,224.19,4,69.2,9,13,2,17.73,1,0,1,2,0.14285714285714285,60.48,0,0,-5,1,30.729606110395668
56,80,599.17,4,4.89,10,7,1,41.45,2,1,4,7,0.125,160.155,32,0,-4,1,0.8147691487411899
44,86,568.92,4,7.76,4,12,0,22.44,1,0,0,0,0.0,147.84,0,1,4,1,1.3615946097697922
18,105,396.01,1,112.15,4,13,2,44.93,2,2,9,4,0.14285714285714285,440.94,90,0,-6,1,28.24865872396162
52,5,243.15,4,14.69,9,3,3,49.71,2,1,1,4,0.75,73.215,5,0,-8,0,6.016792955150522
38,118,44.51,2,19.24,7,8,2,43.36,1,1,6,3,0.2222222222222222,43.935,24,0,-5,1,42.27642276422764
46,107,262.36,5,17.48,3,9,4,32.72,1,2,3,4,0.4,59.016000000000005,30,0,-9,1,6.63730255164034
63,87,157.43,2,13.09,10,11,0,47.54,1,1,1,3,0.0,102.485,4,1,4,1,8.262324054787602
39,11,608.13,3,39.51,9,13,4,36.14,2,2,11,4,0.2857142857142857,214.75666666666666,110,0,-10,0,6.48630013297654
54,31,142.18,3,7.23,2,6,2,41.98,1,0,1,2,0.2857142857142857,61.38666666666666,0,0,-5,0,5.049587931275318
41,13,512.99,3,12.4,9,13,1,57.34,1,0,2,2,0.07142857142857142,190.11,0,0,-3,0,2.4124982976322498
68,111,349.57,3,42.01,10,2,2,39.17,2,3,9,7,0.6666666666666666,129.58,216,0,-6,1,11.98334141540919
35,37,106.19,6,67.64,8,5,2,30.83,1,1,8,4,0.3333333333333333,22.836666666666662,40,0,-5,0,63.102901390055045
54,3,1146.7,5,36.39,6,11,1,23.64,2,4,7,6,0.08333333333333333,234.06800000000004,196,0,-4,0,3.170689204495948
67,85,638.29,2,31.65,10,6,1,47.35,2,1,3,2,0.14285714285714285,342.82,9,0,-4,1,4.950804799073973
56,74,677.47,3,46.8,11,10,1,43.38,2,1,2,3,0.09090909090909091,240.28333333333333,8,0,-4,1,6.897873155776968
21,17,719.29,3,10.24,1,4,3,15.23,3,0,2,2,0.6,244.84,0,0,-9,0,1.4216496133501784
57,98,378.26,2,22.81,6,3,4,44.84,2,1,11,3,1.0,211.55,44,0,-10,1,6.014343721984918
42,1,698.97,4,77.98,9,13,0,41.1,2,1,11,2,0.0,185.0175,33,1,3,0,11.14047744903353
20,60,179.58,1,76.07,5,3,2,34.17,3,3,8,5,0.5,213.75,144,0,-7,0,42.125373795547674
28,32,1461.91,6,23.92,11,13,1,54.99,2,0,8,1,0.07142857142857142,252.8166666666667,0,0,-4,0,1.635097169340561
22,20,560.06,5,2.76,5,2,4,16.11,1,1,2,4,1.3333333333333333,115.234,10,0,-9,0,0.4919259972195487
26,5,1002.8,4,57.79,7,7,0,42.37,3,2,2,2,0.0,261.29249999999996,12,1,2,0,5.75712293285515
44,119,317.4,6,28.2,6,11,1,38.22,1,1,0,3,0.08333333333333333,59.27,0,0,-3,1,8.85678391959799
55,2,792.28,4,41.14,4,8,0,50.3,3,2,2,3,0.0,210.64499999999998,16,1,2,0,5.186062928600242
58,83,705.92,3,5.62,7,4,1,45.41,1,2,3,4,0.2,250.4433333333333,30,0,-3,1,0.7949980195778873
21,42,87.23,6,12.36,9,7,2,34.49,3,1,5,4,0.25,20.286666666666665,25,0,-7,0,14.008840530431824
32,80,401.35,6,102.81,8,10,4,51.3,3,0,9,3,0.36363636363636365,75.44166666666668,0,0,-11,1,25.552379768857957
44,86,206.08,1,34.26,11,6,2,23.38,3,1,8,3,0.2857142857142857,229.46,32,0,-7,1,16.544330693451805
28,52,290.3,1,10.93,10,10,3,45.93,2,2,7,7,0.2727272727272727,336.23,112,0,-8,0,3.7521455544112596
43,29,324.37,3,61.45,1,7,2,47.0,2,1,6,3,0.25,123.79,24,0,-6,0,18.88619110551065
45,116,182.12,6,0.19,5,8,2,45.9,2,3,0,5,0.2222222222222222,38.00333333333334,0,0,-6,1,0.1037570991699432
38,23,112.19,5,30.19,7,6,4,36.73,1,1,6,7,0.5714285714285714,29.784,48,0,-9,0,26.67196748829402
18,33,174.48,5,10.3,9,6,2,39.98,3,1,5,3,0.2857142857142857,42.891999999999996,20,0,-7,0,5.869614770914065
34,28,196.84,6,5.52,2,2,4,41.18,1,2,8,4,1.3333333333333333,39.67,80,0,-9,0,2.7901334411645773
47,70,614.67,6,18.27,6,9,0,23.61,2,1,6,5,0.0,106.38,36,1,3,1,2.9674988224211023
37,81,65.83,4,19.8,6,7,6,43.82,1,1,5,4,0.75,27.4125,25,0,-13,1,29.627412838545563
21,118,662.69,4,42.11,7,12,3,42.97,2,0,3,2,0.23076923076923078,176.41500000000002,0,0,-8,1,6.344829664451776
63,56,243.47,2,38.99,7,13,2,45.27,1,1,5,4,0.14285714285714285,144.37,25,0,-5,0,15.948787172250176
50,81,329.58,2,33.78,11,7,4,31.19,3,2,3,4,0.5,180.385,30,0,-11,1,10.218404017181923
49,113,1022.48,2,11.18,6,6,1,50.58,1,0,6,3,0.14285714285714285,536.53,0,0,-3,1,1.0923515847891507
57,82,404.04,2,3.03,4,14,3,37.29,1,0,6,5,0.2,220.66500000000002,0,0,-7,1,0.7480742642701954
44,17,317.4,2,34.87,2,14,0,34.84,1,1,8,1,0.0,176.12,16,1,4,0,10.951633165829145
33,81,881.79,2,19.99,11,3,1,40.24,1,3,0,9,0.25,461.015,0,0,-3,1,2.2644116947405384
38,93,422.07,6,94.74,6,10,0,33.64,2,3,1,7,0.0,75.95166666666667,24,1,3,1,22.393457347483867
58,45,575.72,4,104.89,3,14,0,37.47,3,2,11,2,0.0,153.2975,66,1,2,0,18.187335275350254
48,15,117.97,2,28.35,5,2,3,28.02,2,2,11,6,1.0,72.995,154,0,-8,0,23.82953685803144
38,94,337.17,4,4.47,2,10,1,56.28,3,3,4,5,0.09090909090909091,98.36250000000001,72,0,-5,1,1.3218203861962918
40,70,242.19,3,4.28,10,13,3,52.39,2,2,8,5,0.21428571428571427,98.19333333333333,96,0,-8,1,1.7599407870389407
67,111,92.17,3,28.32,2,9,2,28.15,3,1,8,2,0.2,40.10666666666666,24,0,-7,1,30.396050230760974
40,68,659.68,6,10.37,3,4,0,38.28,3,2,7,3,0.0,116.32666666666665,56,1,2,1,1.5695949627656354
46,84,139.76,5,9.24,11,6,5,45.37,2,4,10,8,0.7142857142857143,37.025999999999996,360,0,-12,1,6.564364876385337
48,49,654.59,2,77.13,8,6,3,39.92,2,2,4,6,0.42857142857142855,347.255,56,0,-8,0,11.764975060632406
60,8,170.39,3,23.19,8,6,2,40.78,3,2,0,6,0.2857142857142857,70.39,0,0,-7,0,13.53054437248381
24,94,503.92,4,42.32,9,14,2,42.51,2,0,4,1,0.13333333333333333,136.60750000000002,0,0,-6,1,8.38152578626317
45,109,243.3,4,41.2,6,5,3,58.33,1,2,3,5,0.5,75.4075,36,0,-7,1,16.86451084731887
19,16,1054.32,6,6.6,9,2,2,32.39,3,5,2,7,0.6666666666666666,181.11833333333334,80,0,-7,0,0.6254027214494182
24,47,191.86,3,26.5,3,13,4,25.15,3,0,7,4,0.2857142857142857,72.33666666666667,0,0,-11,0,13.740537177227003
42,94,248.06,4,123.45,1,2,1,38.67,1,2,1,6,0.3333333333333333,71.6825,14,0,-3,1,49.56636954950614
32,82,639.53,4,66.26,3,3,2,35.79,3,3,11,8,0.5,168.82999999999998,297,0,-7,1,10.344558412564595
43,27,234.65,6,33.37,2,14,4,35.25,2,1,11,3,0.26666666666666666,44.98333333333333,44,0,-10,0,14.160831741990238
31,95,30.68,5,99.74,7,14,3,35.41,1,2,9,4,0.2,13.218,90,0,-7,1,314.83585858585855
36,52,1578.5,2,46.19,8,6,3,23.67,1,1,11,4,0.42857142857142855,801.085,55,0,-7,0,2.9243431465653686
61,115,146.41,5,23.47,10,11,2,41.1,3,1,2,3,0.16666666666666666,37.501999999999995,8,0,-7,1,15.92157926870633
54,12,115.02,3,80.58,7,9,1,37.96,2,0,7,3,0.1,50.99333333333333,0,0,-4,0,69.45354249267368
42,74,488.17,6,2.58,11,14,3,43.77,2,0,3,2,0.2,88.65666666666668,0,0,-8,1,0.5274240039250158
40,47,526.26,4,61.64,11,14,4,71.94,3,1,1,4,0.26666666666666666,149.55,5,0,-11,0,11.690627015134849
67,37,325.44,4,22.24,7,14,2,24.01,2,3,3,5,0.13333333333333333,87.3625,54,0,-6,0,6.812890577135154
43,7,74.24,2,43.19,7,10,2,26.67,2,3,0,7,0.18181818181818182,50.455,0,0,-6,0,57.40297713981924
25,61,225.31,3,9.02,7,14,0,40.69,1,2,4,4,0.0,88.66666666666667,40,1,4,1,3.985683354690469
47,80,681.46,6,9.48,5,2,1,67.06,3,1,4,2,0.3333333333333333,124.75333333333333,12,0,-5,1,1.38909240101984
50,27,452.2,1,7.46,11,3,3,26.1,2,2,0,6,0.75,478.3,0,0,-8,0,1.646072374227714
64,42,207.79,2,7.54,1,6,4,39.99,2,0,0,1,0.5714285714285714,123.89,0,0,-10,0,3.611284065328799
50,26,267.78,2,12.37,4,3,0,31.34,2,2,5,3,0.0,149.55999999999997,40,1,3,0,4.60227695513059
35,102,129.35,3,31.88,7,13,1,52.4,2,0,4,4,0.07142857142857142,60.583333333333336,0,0,-4,1,24.4572305331799
47,115,522.64,6,2.87,2,3,7,45.93,1,2,10,6,1.75,94.76166666666666,140,0,-15,1,0.5480864716217249
55,86,154.35,4,125.36,5,9,2,35.03,3,2,0,4,0.2,47.345,0,0,-7,1,80.69520437721275
26,37,253.83,3,17.24,2,11,1,25.93,2,1,10,3,0.08333333333333333,93.25333333333333,40,0,-4,0,6.765294510065532
67,78,484.34,1,25.45,4,6,1,36.47,3,2,2,3,0.14285714285714285,520.81,16,0,-5,1,5.243746651831706
63,16,314.4,6,17.94,3,14,1,43.41,2,3,4,7,0.06666666666666667,59.63499999999999,96,0,-4,0,5.6880152187698165
36,116,379.49,1,10.8,4,6,0,26.24,3,2,0,2,0.0,405.73,0,1,2,1,2.8384451628163685
39,52,169.52,2,12.68,3,7,3,32.27,1,2,5,4,0.375,100.89500000000001,50,0,-7,0,7.436077879427633
27,26,325.48,3,24.44,6,10,1,22.93,1,0,11,2,0.09090909090909091,116.13666666666667,0,0,-3,0,7.4859103160989955
54,63,27.48,3,35.83,11,4,2,33.63,2,3,9,8,0.4,20.37,243,0,-6,1,125.80758426966293
53,84,842.15,2,9.32,11,13,3,45.62,2,3,7,5,0.21428571428571427,443.885,126,0,-8,1,1.105378639625215
62,75,312.27,2,41.73,11,8,1,45.84,2,4,1,7,0.1111111111111111,179.055,32,0,-4,1,13.320777603983784
46,110,859.06,2,103.57,4,14,2,50.94,3,1,4,3,0.13333333333333333,455.0,16,0,-7,1,12.042183103504406
27,112,171.07,5,21.51,4,12,5,56.26,3,1,7,4,0.38461538461538464,45.465999999999994,35,0,-13,1,12.500726448538387
55,119,913.63,3,16.42,1,8,2,28.01,1,2,9,7,0.2222222222222222,313.88,144,0,-5,1,1.795261471852006
36,49,665.28,2,2.1,3,11,3,28.25,1,1,3,5,0.25,346.765,18,0,-7,0,0.315182806027496
59,5,425.59,6,73.58,8,2,1,41.8,1,1,0,8,0.3333333333333333,77.89833333333333,0,0,-3,0,17.248411823999625
20,80,206.37,3,4.01,7,12,2,33.5,3,0,2,2,0.15384615384615385,79.95666666666666,0,0,-7,1,1.933741621256691
30,40,700.53,5,14.13,8,10,1,26.09,3,2,0,6,0.09090909090909091,145.324,0,0,-5,0,2.0141690305475177
44,52,114.65,1,28.48,2,8,3,48.27,2,2,3,4,0.3333333333333333,162.92000000000002,30,0,-8,0,24.62602680501513
19,116,342.67,5,81.52,4,10,3,43.57,2,2,8,5,0.2727272727272727,77.248,96,0,-8,1,23.7204294817703
69,18,509.8,6,39.45,9,8,0,37.35,2,2,3,4,0.0,91.19166666666666,30,1,3,0,7.723179326546593
18,60,116.2,1,18.8,1,3,2,37.16,3,2,4,5,0.5,153.36,48,0,-7,0,16.040955631399317
62,105,469.56,6,20.72,7,7,3,23.79,1,2,6,5,0.375,82.22500000000001,72,0,-7,1,4.403264195851751
55,92,403.89,6,25.48,10,13,1,29.91,1,4,1,7,0.07142857142857142,72.3,32,0,-3,1,6.293067252834103
57,119,234.33,4,2.0,7,9,4,17.68,3,1,3,4,0.4,63.002500000000005,15,0,-11,1,0.8498703947647982
26,75,519.09,5,83.58,4,11,5,40.47,2,0,0,5,0.4166666666666667,111.912,0,0,-12,1,16.070295525774384
22,115,558.16,3,30.92,1,5,2,28.02,3,1,11,4,0.3333333333333333,195.39333333333332,55,0,-7,1,5.529723156162817
59,9,126.96,5,9.42,5,2,2,36.17,2,1,4,6,0.6666666666666666,32.626,28,0,-6,0,7.361675523601126
22,73,482.6,3,38.71,10,13,0,46.71,1,1,4,1,0.0,176.4366666666667,8,1,4,1,8.004549214226634
43,80,815.51,3,33.42,6,8,3,38.22,1,1,2,3,0.3333333333333333,284.57666666666665,8,0,-7,1,4.093030091486939
54,8,1153.51,6,8.41,4,11,3,42.75,3,1,4,3,0.25,199.37666666666667,16,0,-9,0,0.7284475665000736
55,64,385.0,4,34.14,1,10,4,34.33,3,1,8,4,0.36363636363636365,104.8325,40,0,-11,1,8.84455958549223
22,47,316.46,4,1.07,5,5,1,40.61,3,2,1,5,0.16666666666666666,89.2675,12,0,-5,0,0.3370503370503371
26,21,809.27,6,4.35,6,14,1,60.27,1,3,7,7,0.06666666666666667,144.92333333333332,168,0,-3,0,0.5368580843422562
34,91,669.56,1,54.47,1,10,7,39.14,2,0,4,2,0.6363636363636364,708.6999999999999,0,0,-16,1,8.12306132188022
42,68,912.45,5,16.92,10,2,4,42.95,2,2,5,4,1.3333333333333333,191.08,50,0,-10,1,1.8523181345448576
48,113,215.74,3,5.73,10,6,2,35.48,3,3,4,6,0.2857142857142857,83.74,84,0,-7,1,2.6437205868782874
39,102,465.62,1,2.63,3,12,3,19.67,3,2,8,4,0.23076923076923078,485.29,80,0,-9,1,0.5636277913505636
20,97,225.35,6,39.43,3,10,1,20.51,1,0,0,2,0.09090909090909091,40.97666666666667,0,0,-3,1,17.419924895074
66,81,102.64,3,11.84,7,5,1,44.54,1,1,7,4,0.16666666666666666,49.06,35,0,-3,1,11.424160555769973
69,112,829.75,3,89.86,4,4,5,44.43,1,2,1,4,1.0,291.3933333333333,10,0,-11,1,10.816731868793259
38,111,174.61,1,37.05,2,12,4,41.93,3,2,2,5,0.3076923076923077,216.54000000000002,24,0,-11,1,21.097887364045327
23,4,320.58,5,17.96,10,10,3,36.7,2,2,0,5,0.2727272727272727,71.45599999999999,0,0,-8,0,5.584924435599229
27,16,281.76,4,33.18,11,12,2,19.95,2,3,1,6,0.15384615384615385,75.4275,21,0,-6,0,11.734333003253642
44,81,692.01,5,6.74,3,14,5,35.11,1,0,6,3,0.3333333333333333,145.424,0,0,-11,1,0.9725689383991574
46,100,334.05,3,8.24,1,6,0,51.93,1,2,6,3,0.0,128.66,48,1,4,1,2.4593344276973585
59,24,221.73,5,8.0,1,8,4,47.6,2,2,0,5,0.4444444444444444,53.866,0,0,-10,0,3.5917927535581198
28,112,448.35,5,5.93,3,5,1,35.76,1,1,10,3,0.16666666666666666,96.822,40,0,-3,1,1.3196839879826414
22,22,309.22,6,0.33,11,11,2,31.38,1,3,0,6,0.16666666666666666,56.76666666666667,0,0,-5,0,0.1063761201727806
42,11,380.12,4,5.09,3,13,1,67.79,2,2,5,3,0.07142857142857142,111.9775,40,0,-4,0,1.3355373635600334
36,5,357.08,2,5.38,8,12,1,59.96,1,3,6,6,0.07692307692307693,208.51999999999998,126,0,-3,0,1.5024575513851655
38,90,801.14,1,50.34,10,7,2,40.95,3,2,8,4,0.25,842.09,80,0,-7,1,6.275712469145038
32,17,373.43,2,9.42,5,3,5,39.86,2,1,6,3,1.25,206.645,24,0,-12,0,2.515824052559891
66,55,219.74,6,71.01,6,3,4,50.99,2,0,5,3,1.0,45.12166666666667,0,0,-10,0,32.16906768143517
22,8,382.37,4,86.84,10,14,6,46.75,3,0,5,3,0.4,107.28,0,0,-15,0,22.65174635469651
38,3,126.52,1,27.55,9,2,2,43.38,2,2,4,4,0.6666666666666666,169.9,40,0,-6,0,21.604454203262236
65,67,313.59,2,62.78,10,7,4,55.04,3,2,9,4,0.5,184.315,90,0,-11,1,19.956133379954863
52,27,181.23,1,19.73,3,9,4,28.6,2,0,6,3,0.4,209.82999999999998,0,0,-10,0,10.826976897327555
63,81,430.53,1,35.25,10,11,7,42.29,1,1,10,4,0.5833333333333334,472.82,50,0,-15,1,8.168609366672076
66,40,606.22,5,13.73,3,6,2,33.7,3,0,8,2,0.2857142857142857,127.98400000000001,0,0,-7,0,2.2611244688910115
45,40,351.48,2,32.49,5,14,0,29.2,2,3,7,4,0.0,190.34,105,1,3,0,9.217544257830232
23,14,99.21,4,12.41,9,11,3,45.7,3,0,6,1,0.25,36.2275,0,0,-9,0,12.383993613411837
66,108,555.83,5,30.85,8,7,3,47.55,3,2,2,6,0.375,120.676,28,0,-9,1,5.5402905734245635
38,47,446.76,4,11.34,5,11,3,58.5,2,3,1,8,0.25,126.315,27,0,-8,0,2.5326067536180097
54,75,617.46,3,24.83,7,13,3,22.99,2,2,2,5,0.21428571428571427,213.48333333333335,24,0,-8,1,4.01481098211687
36,66,308.59,6,13.33,5,5,5,41.98,3,0,7,4,0.8333333333333334,58.428333333333335,0,0,-13,1,4.30569462837947
68,65,144.49,3,96.15,10,6,3,42.59,1,0,6,3,0.42857142857142855,62.36000000000001,0,0,-7,1,66.08701628977937
28,82,110.02,1,14.27,10,3,1,25.66,1,0,1,1,0.25,135.68,0,0,-3,1,12.853539902720232
35,88,604.68,1,9.47,3,3,3,41.71,1,2,9,5,0.75,646.39,108,0,-7,1,1.5635318980319644
32,43,308.77,2,6.1,7,14,3,42.5,2,0,5,4,0.2,175.635,0,0,-8,0,1.9692029570326373
65,114,159.25,3,22.76,2,4,3,47.06,2,2,4,5,0.6,68.77,48,0,-8,1,14.202808112324494
45,87,585.06,3,13.95,2,14,3,20.39,2,1,3,4,0.2,201.81666666666663,15,0,-8,1,2.380302358120329
38,2,1003.78,6,8.75,7,13,1,20.2,3,3,3,5,0.07142857142857142,170.66333333333333,54,0,-5,0,0.8708373972411871
23,14,523.64,3,2.59,1,10,5,29.8,1,2,1,4,0.45454545454545453,184.48,10,0,-11,0,0.4936718511741384
63,111,686.74,5,0.49,3,3,1,42.24,3,0,3,2,0.25,145.796,0,0,-5,1,0.07124785529415185
23,4,504.76,1,5.16,6,14,4,51.09,1,2,3,5,0.26666666666666666,555.85,36,0,-9,0,1.0202467573552674
42,57,298.17,4,2.29,2,11,3,45.19,2,0,0,1,0.25,85.84,0,0,-8,0,0.7654510813249992
25,12,231.77,6,12.91,2,7,3,55.79,3,1,10,5,0.375,47.92666666666667,60,0,-9,0,5.546247368647162
26,24,313.93,4,33.75,5,12,3,53.5,1,1,4,4,0.23076923076923078,91.8575,20,0,-7,0,10.7166671958848
44,99,787.5,4,3.77,8,2,2,39.53,1,2,9,6,0.6666666666666666,206.7575,126,0,-5,1,0.4781230183893469
35,11,615.64,4,8.66,4,3,2,26.44,3,1,11,3,0.5,160.52,44,0,-7,0,1.4043850544888428
64,79,717.07,4,64.48,10,4,1,31.94,2,2,4,5,0.2,187.25250000000003,48,0,-4,1,8.979625941760553
58,83,840.99,5,28.96,2,9,1,56.54,1,3,2,5,0.1,179.506,36,0,-3,1,3.4394707775626787
50,34,1126.92,6,48.74,8,4,3,43.7,2,2,9,7,0.6,195.10333333333335,144,0,-8,0,4.32122845591886
23,5,574.05,5,13.18,6,14,2,32.32,2,2,8,4,0.13333333333333333,121.274,80,0,-6,0,2.2919746109034
67,64,584.77,6,22.12,7,8,1,35.37,1,0,11,3,0.1111111111111111,103.35666666666667,0,0,-3,1,3.776226163852707
48,89,349.87,5,10.05,4,12,1,35.87,2,1,9,3,0.07692307692307693,77.148,36,0,-4,1,2.8643087183287257
67,100,558.59,5,24.16,7,8,4,22.29,1,3,0,6,0.4444444444444444,116.176,0,0,-9,1,4.317446702049715
56,31,688.36,5,77.19,5,4,2,42.26,1,0,10,2,0.4,146.124,0,0,-5,0,11.197342462573982
64,98,452.45,5,27.48,1,13,5,63.25,1,1,6,4,0.35714285714285715,103.14000000000001,30,0,-11,1,6.060205094277208
53,76,320.04,1,22.74,9,13,0,41.78,1,2,11,2,0.0,361.82000000000005,66,1,4,1,7.083229504111636
39,35,544.91,1,17.71,8,11,5,60.58,3,4,6,9,0.4166666666666667,605.49,240,0,-13,0,3.2441244893846974
24,76,597.96,6,59.9,3,13,2,16.93,1,4,11,10,0.14285714285714285,102.48166666666667,484,0,-5,1,10.000667824228662
37,97,690.01,4,47.3,3,13,2,64.73,3,4,4,10,0.14285714285714285,188.685,176,0,-7,1,6.84505289359054
44,80,281.63,2,6.59,7,4,1,56.53,2,2,6,5,0.2,169.07999999999998,72,0,-4,1,2.3316703817712203
45,104,76.67,5,59.56,2,10,1,22.61,2,1,4,7,0.09090909090909091,19.856,32,0,-4,1,76.68340414574482
59,93,592.11,4,84.81,1,4,2,25.85,1,3,2,5,0.4,154.49,36,0,-5,1,14.299202508809497
61,63,481.9,1,28.55,8,6,0,33.38,1,1,0,1,0.0,515.28,0,1,4,1,5.912197142265479
28,9,87.62,4,3.25,11,8,1,21.55,3,0,2,3,0.1111111111111111,27.2925,0,0,-5,0,3.667343714737079
62,67,556.82,4,54.07,2,12,4,38.17,2,1,11,3,0.3076923076923077,148.7475,44,0,-10,1,9.693090961241976
18,99,132.19,5,23.5,3,7,2,38.18,2,2,9,6,0.25,34.074,126,0,-6,1,17.64396726480967
25,77,342.43,3,29.84,10,10,0,30.85,1,2,10,4,0.0,124.42666666666668,100,1,4,1,8.688815770317095
50,100,90.48,6,18.36,9,14,2,52.33,1,1,7,4,0.13333333333333333,23.801666666666666,35,0,-5,1,20.069960647135986
27,37,413.75,1,17.77,9,6,1,57.11,3,0,1,1,0.14285714285714285,470.86,0,0,-5,0,4.284508740204942
45,26,683.05,3,4.17,4,5,3,5.95,2,1,7,6,0.5,229.66666666666666,49,0,-8,0,0.6096045610700972
27,62,1103.63,6,0.88,10,7,2,59.33,1,2,8,4,0.25,193.82666666666668,80,0,-5,1,0.07966468410236911
68,1,762.89,4,104.76,4,12,1,48.96,2,2,10,5,0.07692307692307693,202.9625,120,0,-4,0,13.714016415976124
57,111,265.48,5,12.86,2,2,4,38.92,3,0,10,4,1.3333333333333333,60.88000000000001,0,0,-11,1,4.825878114680275
20,6,327.13,1,53.02,2,4,2,49.03,3,2,11,5,0.4,376.15999999999997,132,0,-7,0,16.158229969829033
18,24,139.8,1,12.35,6,11,3,28.03,2,2,0,5,0.25,167.83,0,0,-8,0,8.771306818181818
66,21,796.83,4,9.4,5,4,3,43.38,3,2,6,7,0.6,210.0525,96,0,-9,0,1.1781958562601054
34,74,1154.76,5,77.65,8,4,0,58.9,1,1,2,1,0.0,242.73200000000003,4,1,4,1,6.718522876721811
29,93,180.98,3,44.61,4,11,1,53.95,1,1,11,3,0.08333333333333333,78.31,44,0,-3,1,24.513682822288168
41,72,466.8,6,2.57,11,4,3,38.84,3,1,6,4,0.6,84.27333333333333,30,0,-9,1,0.549380076955964
20,82,270.85,4,66.21,10,6,2,50.27,3,1,9,3,0.2857142857142857,80.28,36,0,-7,1,24.355343020047815
56,66,85.85,1,1.05,3,5,1,38.96,1,1,11,3,0.16666666666666666,124.81,44,0,-3,1,1.2089810017271159
61,34,311.79,4,2.52,5,2,2,47.08,3,2,3,4,0.6666666666666666,89.7175,30,0,-7,0,0.8056523546149174
39,15,290.71,5,63.27,11,3,1,40.71,3,1,9,3,0.25,66.28399999999999,36,0,-5,0,21.689349011004083
33,20,146.01,2,99.34,5,9,2,20.01,3,1,3,3,0.2,83.00999999999999,12,0,-7,0,67.57363444663629
65,103,338.61,3,40.24,3,9,3,26.41,1,4,7,7,0.3,121.67333333333335,224,0,-7,1,11.848885486293101
24,96,902.94,2,5.18,8,5,4,51.8,2,2,3,5,0.6666666666666666,477.37,36,0,-10,1,0.5730468836427196
35,35,675.9,5,66.49,10,12,4,57.54,2,3,4,6,0.3076923076923077,146.688,84,0,-10,0,9.82272122913281
38,11,344.19,4,113.73,5,10,1,56.66,1,3,11,7,0.09090909090909091,100.2125,264,0,-3,0,32.947072626669375
64,116,213.38,3,0.32,3,10,3,58.7,1,1,9,5,0.2727272727272727,90.69333333333333,54,0,-7,1,0.1492676555648848
49,116,626.83,3,15.11,10,9,5,50.74,2,2,10,7,0.5,225.85666666666668,160,0,-12,1,2.406702451300511
47,99,76.13,1,20.98,7,14,6,23.08,1,2,3,5,0.4,99.21,36,0,-13,1,27.200829767924283
47,48,263.98,4,34.02,6,11,4,61.51,3,1,10,4,0.3333333333333333,81.3725,50,0,-11,0,12.838704807910032
60,62,617.66,5,93.43,3,10,3,38.85,3,3,1,6,0.2727272727272727,131.302,21,0,-9,1,15.101994633562862
19,73,534.5,4,2.36,11,13,0,44.0,3,0,11,0,0.0,144.625,0,1,2,1,0.44070961718020535
43,73,352.17,6,22.73,6,10,3,25.93,1,3,8,5,0.2727272727272727,63.01666666666667,144,0,-7,1,6.4359939972251325
25,98,335.88,6,4.24,2,11,1,44.77,2,2,6,7,0.08333333333333333,63.44166666666666,96,0,-4,1,1.2586084065542629
64,3,1118.27,1,24.39,5,9,3,55.7,3,1,2,3,0.3,1173.97,8,0,-9,0,2.1790988769465813
23,69,295.11,2,93.08,2,5,2,2.87,1,0,3,2,0.3333333333333333,148.99,0,0,-5,1,31.434264293674648
64,16,496.66,1,33.57,6,11,1,22.2,1,3,10,5,0.08333333333333333,518.86,180,0,-3,0,6.745569264156251
47,49,241.91,4,2.61,3,12,1,44.05,1,2,6,5,0.07692307692307693,71.49,72,0,-3,0,1.0744720266765468
37,61,148.96,6,1.54,9,10,4,25.74,3,1,5,6,0.36363636363636365,29.11666666666667,35,0,-11,1,1.0269405174713258
36,103,477.73,2,22.94,8,3,3,54.52,3,0,3,2,0.75,266.125,0,0,-9,1,4.791845090134314
27,58,216.17,6,19.93,5,14,2,20.09,2,3,9,6,0.13333333333333333,39.376666666666665,189,0,-6,0,9.177142330892849
57,58,102.93,5,21.66,11,14,0,45.55,3,1,3,1,0.0,29.696000000000005,6,1,2,0,20.840950639853748
19,113,198.1,3,3.57,1,2,1,31.99,3,2,10,4,0.3333333333333333,76.69666666666667,100,0,-5,1,1.793068809643395
66,96,392.41,2,59.32,4,4,2,41.41,2,2,7,4,0.4,216.91000000000003,70,0,-6,1,15.07841691873618
45,100,634.33,1,7.76,4,13,1,43.16,3,0,11,1,0.07142857142857142,677.49,0,0,-5,1,1.2214124942943037
51,116,391.76,2,49.2,7,13,1,22.55,3,3,10,5,0.07142857142857142,207.155,180,0,-5,1,12.526733883287505
31,119,1064.25,2,15.38,1,2,3,26.74,2,0,9,3,1.0,545.495,0,0,-8,1,1.4437925369631543
46,60,663.22,5,4.76,3,5,4,45.32,1,3,6,6,0.6666666666666666,141.70800000000003,126,0,-9,0,0.7166300322182408
30,64,781.84,2,31.86,8,2,1,34.44,1,2,4,3,0.3333333333333333,408.14,32,0,-3,1,4.069797148842675
68,82,787.5,2,10.43,2,3,1,47.18,2,1,7,4,0.25,417.34,35,0,-4,1,1.3227647431832592
42,43,234.72,6,29.23,6,8,4,60.15,3,1,3,5,0.4444444444444444,49.145,18,0,-11,0,12.400305447140676
48,80,234.17,1,42.49,11,5,1,40.51,3,1,7,2,0.16666666666666666,274.68,21,0,-5,1,18.067780754347922
52,117,302.19,2,19.58,9,5,2,35.24,3,1,11,4,0.3333333333333333,168.715,55,0,-7,1,6.457996635772948
34,7,1047.21,4,20.75,6,10,2,46.66,1,2,7,5,0.18181818181818182,273.46750000000003,84,0,-5,0,1.9795651634691522
68,15,359.35,3,20.38,2,4,1,55.22,3,2,4,4,0.2,138.19000000000003,40,0,-5,0,5.655612598862217
59,106,348.26,4,4.9,6,14,1,31.64,1,2,1,3,0.06666666666666667,94.975,8,0,-3,1,1.4029662715455535
35,108,328.47,3,15.86,8,8,1,48.54,1,2,4,4,0.1111111111111111,125.67000000000002,40,0,-3,1,4.813791847512671
40,91,148.3,3,36.44,5,4,2,54.7,3,1,8,5,0.4,67.66666666666667,48,0,-7,1,24.40723375753516
34,71,286.19,6,0.06,5,5,2,49.0,1,2,11,4,0.3333333333333333,55.865,110,0,-5,1,0.020892092343048153
65,91,157.35,4,49.86,6,14,0,72.45,3,1,7,1,0.0,57.45,14,1,2,1,31.487211872434486
46,113,351.66,6,20.89,6,11,2,58.14,1,1,9,4,0.16666666666666666,68.3,45,0,-5,1,5.923552430102648
31,65,452.71,4,11.54,8,2,0,20.38,1,3,11,6,0.0,118.2725,231,1,4,1,2.5434749068788434
62,30,379.53,4,33.46,5,11,4,22.43,3,4,3,8,0.3333333333333333,100.49,108,0,-11,0,8.792999237905027
29,80,212.03,1,66.52,6,2,6,42.64,1,1,3,4,2.0,254.67000000000002,15,0,-13,1,31.22564896962869
59,35,23.06,6,52.52,9,6,2,16.46,1,3,5,5,0.2857142857142857,6.586666666666666,90,0,-5,0,218.2876142975894
43,26,1014.85,3,38.77,10,14,3,31.75,3,0,9,3,0.2,348.8666666666666,0,0,-9,0,3.8165083427671407
48,116,454.45,1,15.58,8,8,3,32.91,2,2,5,5,0.3333333333333333,487.36,60,0,-8,1,3.4207926226808656
52,112,204.45,6,1.19,4,14,2,35.5,2,1,1,4,0.13333333333333333,39.99166666666667,5,0,-6,1,0.5792163543441227
42,107,695.91,3,56.14,2,9,5,52.95,2,0,10,5,0.5,249.62,0,0,-12,1,8.055559541404198
62,44,193.11,5,152.31,7,11,2,49.51,2,1,0,3,0.16666666666666666,48.524,0,0,-6,0,78.46581835041985
47,40,457.72,5,91.11,8,14,1,48.77,1,3,2,5,0.06666666666666667,101.298,36,0,-3,0,19.86178932682246
20,118,96.7,6,51.72,4,6,2,32.6,3,3,4,7,0.2857142857142857,21.55,96,0,-7,1,52.937563971340836
22,79,412.31,1,115.2,7,8,3,20.64,2,1,3,4,0.3333333333333333,432.95,15,0,-8,1,27.872541191841478
19,36,232.29,3,16.87,6,13,2,44.73,1,2,0,4,0.14285714285714285,92.33999999999999,0,0,-5,0,7.231342963693257
35,78,459.2,5,14.92,6,6,5,49.8,2,1,2,4,0.7142857142857143,101.8,10,0,-12,1,3.2420686657974795
48,85,426.91,5,0.77,4,12,0,30.72,2,2,11,4,0.0,91.526,110,1,3,1,0.17994438082774414
50,17,240.84,4,11.99,10,8,4,22.31,2,2,9,5,0.4444444444444444,65.7875,108,0,-10,0,4.957823354283824
31,14,396.86,5,21.37,10,8,1,28.29,3,0,2,1,0.1111111111111111,85.03,0,0,-5,0,5.371236113205651
34,87,176.71,4,24.92,3,13,1,15.82,3,4,3,7,0.07142857142857142,48.1325,96,0,-5,1,14.022846210117606
41,79,421.32,5,110.56,2,3,1,54.37,3,1,6,4,0.25,95.138,30,0,-5,1,26.179200606175414
63,17,492.92,1,50.17,10,8,2,62.79,3,4,6,7,0.2222222222222222,555.71,192,0,-7,0,10.157515387107225
44,64,397.4,4,55.68,5,11,1,47.16,3,2,8,5,0.08333333333333333,111.13999999999999,96,0,-5,1,13.975903614457833
26,36,261.2,2,77.81,6,7,2,32.74,1,2,0,5,0.25,146.97,0,0,-5,0,29.67581998474447
20,3,80.05,5,25.79,9,2,4,36.66,3,1,8,5,1.3333333333333333,23.342,48,0,-11,0,31.819864281307837
42,8,648.74,3,53.59,6,12,3,53.68,3,1,8,6,0.23076923076923078,234.14,56,0,-9,0,8.247914550435558
63,32,106.57,3,8.71,6,5,2,66.44,3,2,8,5,0.3333333333333333,57.669999999999995,96,0,-7,0,8.097053081714234
25,28,489.75,6,48.15,10,13,3,39.18,2,0,1,3,0.21428571428571427,88.15499999999999,0,0,-8,0,9.811512990320937
65,20,90.67,5,10.92,4,11,0,39.18,3,3,1,4,0.0,25.97,15,1,2,0,11.912294098396421
51,37,591.29,5,32.86,4,9,2,55.76,3,1,11,3,0.2,129.41,44,0,-7,0,5.547957926015972
37,53,259.08,3,75.25,1,4,1,50.81,3,2,3,7,0.2,103.29666666666667,48,0,-5,0,28.933405106121196
63,118,411.22,5,8.05,11,10,4,44.94,2,2,1,3,0.36363636363636365,91.232,8,0,-10,1,1.952840716122459
55,12,92.68,6,40.41,9,13,3,27.73,1,2,1,6,0.21428571428571427,20.068333333333335,14,0,-7,0,43.136208368915455
64,64,466.64,2,40.15,3,4,3,49.22,1,4,2,8,0.6,257.93,72,0,-7,1,8.58566418612608
65,27,685.24,6,2.54,7,6,3,18.14,3,1,1,3,0.42857142857142855,117.23,4,0,-9,0,0.3701328981114479
24,56,429.21,1,67.98,8,2,2,25.87,1,2,9,5,0.6666666666666666,455.08,108,0,-5,0,15.801585272308873
26,12,154.21,3,16.65,11,14,2,58.18,3,2,4,6,0.13333333333333333,70.79666666666667,56,0,-7,0,10.727401584949423
48,36,581.52,2,12.67,3,12,0,36.44,2,1,7,3,0.0,308.98,28,1,3,0,2.1750326169058574
58,117,245.35,3,16.57,6,5,3,39.75,1,0,4,4,0.5,95.03333333333335,0,0,-7,1,6.726202557337123
35,62,249.43,6,19.09,9,9,2,40.37,2,5,0,7,0.2,48.300000000000004,0,0,-6,1,7.622888631553727
66,23,526.92,4,1.39,10,2,2,41.45,3,1,6,4,0.6666666666666666,142.0925,30,0,-7,0,0.2632974693135324
51,117,274.65,3,15.97,1,6,3,39.41,1,0,5,3,0.42857142857142855,104.68666666666665,0,0,-7,1,5.793578813713043
28,83,474.63,3,30.64,10,6,1,39.77,1,2,2,4,0.14285714285714285,171.46666666666667,20,0,-3,1,6.441982213064777
57,77,466.75,3,1.87,2,12,2,46.1,3,4,3,8,0.15384615384615385,170.95000000000002,108,0,-7,1,0.3997862105825762
44,33,265.59,6,37.2,10,2,2,43.48,2,4,0,9,0.6666666666666666,51.51166666666666,0,0,-6,0,13.954011778386288
40,6,1113.42,2,3.15,2,14,2,53.98,3,3,3,6,0.13333333333333333,583.7,63,0,-7,0,0.28265824375011217
22,80,253.51,1,19.92,11,8,1,50.73,1,3,4,5,0.1111111111111111,304.24,72,0,-3,1,7.826804447762367
60,29,594.53,4,7.83,11,14,3,38.83,3,2,7,5,0.2,158.34,84,0,-9,0,1.3147952244219436
22,34,199.75,2,17.43,3,9,1,46.04,3,0,6,2,0.1,122.895,0,0,-5,0,8.68244084682441
38,66,37.84,2,74.94,9,10,3,37.44,3,5,0,11,0.2727272727272727,37.64,0,0,-9,1,192.94541709577751
48,29,626.9,3,2.92,10,10,3,45.5,2,1,0,3,0.2727272727272727,224.13333333333333,0,0,-8,0,0.4650422041726389
34,61,94.49,3,3.7,7,11,1,63.15,1,3,11,7,0.08333333333333333,52.54666666666666,264,0,-3,1,3.874751282856844
26,82,282.08,3,28.8,8,4,4,35.88,1,2,10,5,0.8,105.98666666666666,120,0,-9,1,10.173802458668927
34,87,394.66,2,26.15,11,7,4,31.48,1,0,11,4,0.5,213.07000000000002,0,0,-9,1,6.609209927715715
46,110,624.01,5,53.09,2,8,1,49.39,1,0,8,3,0.1111111111111111,134.68,0,0,-3,1,8.494264091774532
51,89,132.83,1,48.84,1,11,2,21.01,3,2,3,6,0.16666666666666666,153.84,42,0,-7,1,36.494059627886124
20,95,528.58,5,64.36,8,12,1,45.03,1,0,4,2,0.07692307692307693,114.72200000000001,0,0,-3,1,12.153026926998752
56,111,679.64,3,10.67,3,11,3,37.25,1,0,6,2,0.25,238.96333333333334,0,0,-7,1,1.5676422190879173
18,90,706.8,5,21.35,8,4,2,29.36,2,0,4,2,0.4,147.232,0,0,-6,1,3.0163888103984178
66,101,124.16,4,63.86,5,14,3,28.93,1,2,2,5,0.2,38.2725,24,0,-7,1,51.02269095557686
44,82,323.03,4,15.4,9,3,3,28.96,1,2,4,6,0.75,87.99749999999999,56,0,-7,1,4.752646359904947
54,97,839.1,4,77.66,5,12,5,30.42,2,4,6,7,0.38461538461538464,217.38,192,0,-12,1,9.244137602666349
64,114,183.02,2,5.66,1,8,0,43.89,1,1,8,2,0.0,113.45500000000001,24,1,4,1,3.0757526355830884
56,63,927.18,1,20.25,4,12,1,41.54,2,1,6,2,0.07692307692307693,968.7199999999999,18,0,-4,1,2.1816888965502383
34,111,393.63,5,24.65,9,5,4,43.96,3,2,0,8,0.6666666666666666,87.518,0,0,-11,1,6.2463573473886935
63,34,351.85,4,93.53,9,8,0,26.69,3,1,10,2,0.0,94.635,30,1,2,0,26.50701431203061
65,50,372.11,6,17.22,10,13,3,51.74,3,3,2,6,0.21428571428571427,70.64166666666667,42,0,-9,0,4.615260915011659
52,111,794.83,1,28.86,4,9,2,34.73,2,3,3,6,0.2,829.5600000000001,63,0,-6,1,3.62640262367591
58,35,395.74,5,34.1,8,8,3,39.08,3,1,7,5,0.3333333333333333,86.964,42,0,-9,0,8.595049654685688
30,16,374.87,3,32.3,2,5,4,57.0,3,0,1,4,0.6666666666666666,143.95666666666668,0,0,-11,0,8.593396653098145
30,53,1262.26,6,7.92,4,12,2,29.41,1,1,4,3,0.15384615384615385,215.27833333333334,16,0,-5,0,0.6269493215965043
51,56,213.14,2,21.35,10,5,3,66.87,1,3,11,7,0.5,140.005,264,0,-7,0,9.970113010180256
45,95,133.27,1,59.37,10,8,4,25.78,3,4,3,8,0.4444444444444444,159.05,108,0,-11,1,44.216876442988
34,26,450.67,3,32.51,6,11,0,35.8,2,0,11,2,0.0,162.15666666666667,0,1,3,0,7.197732858060088
46,34,212.21,2,4.0,8,7,1,21.95,2,1,0,2,0.125,117.08,0,0,-4,0,1.8760846114159748
21,18,90.99,1,16.18,9,9,3,45.33,3,1,5,4,0.3,136.32,25,0,-9,0,17.588868355256007
26,25,317.21,3,4.52,8,8,0,31.63,3,3,4,8,0.0,116.27999999999999,108,1,2,0,1.4204456176738631
48,31,294.92,4,5.7,11,12,6,51.43,1,4,6,9,0.46153846153846156,86.5875,240,0,-13,0,1.9261962692619625
66,95,1466.72,1,40.2,7,10,2,21.03,2,3,0,4,0.18181818181818182,1487.75,0,0,-6,1,2.7389420325402667
39,2,203.93,4,9.11,6,2,1,50.47,2,0,9,3,0.3333333333333333,63.6,0,0,-4,0,4.4454203874493725
51,81,129.27,4,4.3,2,7,3,47.36,3,4,5,8,0.375,44.1575,180,0,-9,1,3.3008367237276426
45,106,147.16,3,55.23,8,7,1,41.42,3,1,0,3,0.125,62.85999999999999,0,0,-5,1,37.27726781857451
27,113,894.62,6,36.6,8,11,4,38.24,1,1,0,4,0.3333333333333333,155.47666666666666,0,0,-9,1,4.086554565552355
65,9,233.43,1,31.45,10,13,1,44.21,1,2,0,3,0.07142857142857142,277.64,0,0,-3,0,13.415518491660622
50,30,1044.83,4,5.89,2,4,1,27.55,3,2,8,3,0.2,268.09499999999997,64,0,-5,0,0.5631890460208638
56,59,349.58,4,55.15,4,7,0,11.21,3,2,5,3,0.0,90.19749999999999,40,1,2,0,15.731074219864224
43,6,638.11,4,16.38,9,8,3,41.36,2,2,11,4,0.3333333333333333,169.8675,110,0,-8,0,2.5629390871680933
68,53,1250.18,3,2.74,2,14,5,61.85,1,2,4,4,0.3333333333333333,437.3433333333333,40,0,-11,0,0.21899327035278696
60,108,147.51,3,15.49,2,11,4,55.97,2,1,3,4,0.3333333333333333,67.82666666666667,15,0,-10,1,10.43027405561915
47,44,1284.29,6,2.89,3,7,3,43.24,3,0,10,2,0.375,221.255,0,0,-9,0,0.22485197893082498
48,101,560.33,2,6.72,8,9,3,23.73,2,1,11,4,0.3,292.03000000000003,55,0,-8,1,1.1971567527123081
36,53,443.59,1,26.75,2,6,2,38.58,1,1,0,3,0.2857142857142857,482.16999999999996,0,0,-5,0,6.016779504712208
66,12,737.43,1,23.05,7,3,2,2.62,2,2,7,6,0.5,740.05,98,0,-6,0,3.121487480194467
52,14,477.19,4,15.71,3,4,0,53.94,3,1,2,4,0.0,132.7825,10,1,2,0,3.2853050042869993
67,111,890.41,5,22.59,4,4,1,26.86,2,0,2,2,0.2,183.454,0,0,-4,1,2.5341874109556772
29,100,605.59,4,3.03,10,5,0,39.59,1,0,2,0,0.0,161.29500000000002,0,1,4,1,0.4995136748050577
67,43,874.09,3,4.7,7,2,0,30.5,1,1,8,2,0.0,301.53000000000003,24,1,4,0,0.537087613845433
35,98,666.94,3,6.9,5,9,2,33.55,1,2,10,3,0.2,233.49666666666667,80,0,-5,1,1.0330269185855017
49,4,414.68,6,35.68,6,7,3,31.31,2,0,4,2,0.375,74.33166666666666,0,0,-8,0,8.583525789068513
20,23,372.78,4,5.37,3,11,3,32.85,2,2,3,6,0.25,101.4075,42,0,-8,0,1.4366739793461396
38,106,490.3,5,65.72,6,5,1,22.58,2,3,8,5,0.16666666666666666,102.576,144,0,-4,1,13.376755546509262
38,24,483.15,1,10.94,9,13,3,42.59,3,2,3,4,0.21428571428571427,525.74,30,0,-9,0,2.2596302798719403
34,50,1102.87,6,4.42,11,10,3,30.47,2,0,7,2,0.2727272727272727,188.89,0,0,-8,0,0.4004094685062553
19,115,345.05,5,26.5,6,14,4,50.46,1,1,6,6,0.26666666666666666,79.102,42,0,-9,1,7.657852911428983
32,31,208.36,4,15.1,5,4,0,45.32,2,1,10,1,0.0,63.42,20,1,3,0,7.212457011845625
25,23,338.87,3,12.58,8,13,2,20.36,2,1,2,3,0.14285714285714285,119.74333333333334,8,0,-6,0,3.7014152470062083
21,51,664.73,3,146.3,5,12,1,45.32,3,2,8,5,0.07692307692307693,236.68333333333337,96,0,-5,0,21.975876105928833
52,71,397.73,3,2.47,6,9,4,29.41,3,0,8,3,0.4,142.38000000000002,0,0,-11,1,0.6194668071125824
41,116,233.15,6,12.3,5,2,4,37.59,2,1,0,4,1.3333333333333333,45.123333333333335,0,0,-10,1,5.253042921204357
25,8,715.9,2,10.06,9,7,2,25.35,3,3,6,6,0.25,370.625,126,0,-7,0,1.403264053563956
47,86,180.27,6,0.28,8,11,1,33.55,3,1,1,4,0.08333333333333333,35.63666666666666,5,0,-5,1,0.15446571412809623
27,42,165.19,5,52.82,5,10,1,63.92,3,0,8,2,0.09090909090909091,45.822,0,0,-5,0,31.782899091401408
43,33,560.69,4,60.52,6,4,7,70.98,3,2,7,8,1.4,157.91750000000002,126,0,-17,0,10.774626573376773
59,65,420.19,2,25.33,7,4,4,48.75,2,2,2,6,0.8,234.47,28,0,-10,1,6.013912960896508
55,108,339.6,3,3.83,7,9,1,34.93,2,1,9,3,0.1,124.84333333333335,36,0,-4,1,1.1244862008220786
49,59,440.98,6,26.29,9,4,1,15.56,2,2,8,5,0.2,76.09,96,0,-4,0,5.948232951717272
59,46,241.86,3,149.5,11,3,4,52.68,3,1,9,3,1.0,98.18,36,0,-11,0,61.55809931647863
59,45,338.64,6,5.86,8,8,1,35.58,1,2,4,5,0.1111111111111111,62.37,48,0,-3,0,1.7253562595689558
63,7,54.96,3,7.99,7,6,3,48.07,1,0,6,3,0.42857142857142855,34.343333333333334,0,0,-7,0,14.278055754110078
26,61,1164.08,1,12.96,8,7,0,42.24,2,2,10,2,0.0,1206.32,60,1,3,1,1.1123699660109179
19,45,118.34,6,45.14,7,4,3,51.67,3,1,6,3,0.6,28.334999999999997,24,0,-9,0,37.82470253058488
55,114,395.99,5,1.23,5,9,2,40.41,2,1,8,5,0.2,87.28,48,0,-6,1,0.3098314819013073
43,88,903.68,5,0.12,11,9,3,30.17,2,3,7,7,0.3,186.76999999999998,168,0,-8,1,0.013264358668258392
45,65,378.77,6,50.4,2,9,4,24.48,2,1,10,5,0.4,67.20833333333333,60,0,-10,1,13.271190457382101
65,104,68.2,6,197.6,3,7,1,26.64,3,1,2,2,0.125,15.806666666666667,6,0,-5,1,285.5491329479769
67,83,106.93,4,31.03,10,13,1,28.97,1,1,3,3,0.07142857142857142,33.975,12,0,-3,1,28.75011581580654
59,92,797.77,1,27.19,6,9,4,44.07,1,0,1,3,0.4,841.84,0,0,-9,1,3.4039836248231663
67,105,986.92,2,52.37,3,12,3,44.15,2,1,3,5,0.23076923076923078,515.535,18,0,-8,1,5.301036521175804
25,82,872.53,6,74.23,2,14,2,25.57,2,2,3,4,0.13333333333333333,149.68333333333334,30,0,-6,1,8.49770471535036
57,110,382.03,1,84.46,9,8,2,35.8,3,1,0,3,0.2222222222222222,417.83,0,0,-7,1,22.0504921285539
54,77,247.08,6,6.83,3,12,3,50.98,1,0,9,2,0.23076923076923078,49.67666666666667,0,0,-7,1,2.7531441470493387
20,22,346.33,6,42.01,9,12,4,57.96,3,0,8,6,0.3076923076923077,67.38166666666666,0,0,-11,0,12.095125672991104
46,50,805.66,1,8.06,1,6,2,42.07,3,4,11,7,0.2857142857142857,847.73,352,0,-7,0,0.9991818114199292
21,69,282.06,1,15.93,9,9,4,32.41,2,0,11,2,0.4,314.47,0,0,-10,1,5.6277820956687625
35,61,294.32,2,3.52,3,8,0,42.34,3,1,8,1,0.0,168.32999999999998,16,1,2,1,1.1919274007855885
29,7,149.9,2,34.58,11,11,2,37.97,3,0,7,2,0.16666666666666666,93.935,0,0,-7,0,22.915838303512256
21,54,376.64,5,36.35,6,11,2,39.4,2,1,9,5,0.16666666666666666,83.208,54,0,-6,0,9.62556932528334
32,66,435.65,3,44.54,1,11,1,47.15,2,2,0,5,0.08333333333333333,160.9333333333333,0,0,-4,1,10.200389327836941
57,58,316.14,2,113.41,3,4,1,23.6,2,2,6,4,0.2,169.87,60,0,-4,0,35.76023207416283
60,69,508.46,2,9.85,7,9,3,43.86,3,2,6,5,0.3,276.15999999999997,72,0,-9,1,1.933419699289444
44,6,190.61,3,0.42,7,14,3,28.18,3,2,8,5,0.2,72.93,96,0,-9,0,0.21919524033192417
49,78,378.25,3,9.49,9,6,1,41.39,1,4,0,6,0.14285714285714285,139.88,0,0,-3,1,2.502307185234015
48,5,33.29,3,41.89,2,12,3,29.92,2,0,2,2,0.23076923076923078,21.07,0,0,-8,0,122.16389617964423
53,15,918.47,2,86.04,7,4,1,28.81,2,1,5,3,0.2,473.64,20,0,-4,0,9.35756468400274
56,36,645.84,1,73.53,6,3,4,45.49,2,4,10,7,1.0,691.33,320,0,-10,0,11.367571578752086
40,68,55.54,5,71.45,3,4,2,52.16,2,3,2,5,0.4,21.54,36,0,-6,1,126.37071100106121
27,66,228.14,3,7.99,11,5,3,17.94,3,2,3,4,0.5,82.02666666666666,30,0,-9,1,3.4869512088679415
55,8,136.63,6,10.21,10,13,7,39.27,1,2,7,6,0.5,29.316666666666666,98,0,-15,0,7.418440746930176
22,73,355.16,6,14.01,6,14,0,32.72,2,1,2,1,0.0,64.64666666666666,4,1,3,1,3.933625336927223
49,31,623.73,4,45.52,8,6,4,42.97,2,1,10,4,0.5714285714285714,166.675,50,0,-10,0,7.286347702207354
43,111,179.58,2,16.25,1,5,2,68.97,1,2,9,4,0.3333333333333333,124.275,90,0,-5,1,8.998781703400155
37,60,206.5,3,24.41,6,12,1,43.45,2,2,3,3,0.07692307692307693,83.31666666666666,24,0,-4,0,11.763855421686747
23,119,473.34,1,70.21,1,12,1,22.94,3,2,8,4,0.07692307692307693,496.28,80,0,-5,1,14.8016190917907
24,118,123.01,5,73.36,9,14,2,42.62,2,0,5,3,0.13333333333333333,33.126,0,0,-6,1,59.15651963551326
61,98,148.65,5,7.71,2,12,1,58.53,3,2,1,4,0.07692307692307693,41.436,10,0,-5,1,5.152021383227531
60,32,208.34,1,21.13,10,7,2,37.02,2,2,3,4,0.25,245.36,30,0,-6,0,10.093627591477977
23,102,693.16,3,26.12,5,10,1,45.57,3,1,0,3,0.09090909090909091,246.24333333333334,0,0,-5,1,3.7628212515846493
59,53,1001.11,6,52.49,11,5,4,19.39,1,3,11,6,0.6666666666666666,170.08333333333334,231,0,-9,0,5.237947929867979
47,70,778.49,2,12.21,9,4,3,35.92,3,0,11,1,0.6,407.205,0,0,-9,1,1.5664088057576107
33,2,892.36,3,31.72,11,2,3,35.06,3,1,7,4,1.0,309.14000000000004,35,0,-9,0,3.5506402793946448
60,63,51.73,3,8.82,4,8,3,38.05,1,3,0,7,0.3333333333333333,29.926666666666666,0,0,-7,1,16.726721031670778
64,20,437.14,3,4.83,11,8,3,34.23,1,2,1,5,0.3333333333333333,157.12333333333333,12,0,-7,0,1.102387364769252
20,68,359.73,3,14.05,9,3,1,65.13,3,3,11,6,0.25,141.62,231,0,-5,1,3.8948798270174367
37,48,240.5,2,11.92,4,3,1,61.87,2,3,8,8,0.25,151.185,216,0,-4,0,4.935817805383023
33,62,170.64,3,3.32,2,8,0,52.41,1,2,8,5,0.0,74.35,96,1,4,1,1.9342810533675134
26,94,330.85,5,51.66,9,10,4,48.23,2,0,0,1,0.36363636363636365,75.816,0,0,-10,1,15.567274370950729
43,19,331.52,6,21.83,1,3,1,18.32,1,1,4,2,0.25,58.306666666666665,12,0,-3,0,6.565018645495008
58,4,490.48,5,37.29,6,14,2,20.27,3,4,7,8,0.13333333333333333,102.15,252,0,-7,0,7.587287376902417
68,27,286.67,1,22.99,3,14,2,22.66,2,0,9,5,0.13333333333333333,309.33000000000004,0,0,-6,0,7.991796155316855
43,74,453.38,3,4.43,11,3,1,34.97,2,0,0,1,0.25,162.78333333333333,0,0,-4,1,0.9749548835776223
22,103,264.51,2,9.21,7,9,0,55.29,1,3,5,3,0.0,159.9,60,1,4,1,3.468795902225905
22,73,115.89,4,14.7,3,4,0,40.09,3,3,3,4,0.0,38.995000000000005,45,1,2,1,12.57592608435281
25,96,113.02,3,0.16,4,10,2,21.68,3,1,9,3,0.18181818181818182,44.9,36,0,-7,1,0.1403262585511314
26,99,625.83,1,143.92,9,4,3,29.42,2,0,2,4,0.6,655.25,0,0,-8,1,22.959973198474863
65,63,373.68,2,18.85,3,13,1,34.5,1,1,1,3,0.07142857142857142,204.09,4,0,-3,1,5.030959752321982
25,16,366.75,4,65.08,8,11,1,22.0,3,2,0,3,0.08333333333333333,97.1875,0,0,-5,0,17.6968048946295
52,79,265.26,1,12.38,8,4,4,47.96,2,2,9,5,0.8,313.21999999999997,108,0,-10,1,4.6495906257041995
26,119,574.11,3,28.38,5,12,3,31.79,2,0,11,2,0.23076923076923078,201.96666666666667,0,0,-8,1,4.9347081427900745
25,88,414.07,2,62.04,10,11,4,44.76,2,2,9,4,0.3333333333333333,229.415,90,0,-10,1,14.946876430481607
30,74,718.63,4,19.52,5,4,4,40.7,1,5,1,7,0.8,189.8325,40,0,-9,1,2.7125050373108404
24,62,554.48,6,12.97,7,12,0,68.54,2,2,8,7,0.0,103.83666666666666,128,1,3,1,2.334917548786635
22,24,164.79,5,50.78,9,6,2,47.99,3,1,0,5,0.2857142857142857,42.556,0,0,-7,0,30.62910911393932
24,32,479.61,3,40.16,4,5,5,40.34,2,2,2,6,0.8333333333333334,173.3166666666667,28,0,-12,0,8.356047522939598
51,11,198.35,2,24.65,6,11,4,48.14,2,1,7,3,0.3333333333333333,123.245,28,0,-10,0,12.36518685728618
20,64,214.06,3,29.29,10,2,4,32.05,2,3,11,7,1.3333333333333333,82.03666666666668,264,0,-10,1,13.619455035803963
32,37,309.42,5,12.45,9,11,1,43.55,1,3,7,6,0.08333333333333333,70.59400000000001,147,0,-3,0,4.0106951871657746
28,46,131.35,5,4.92,9,12,0,38.84,2,5,0,6,0.0,34.038,0,1,3,0,3.717415942576502
58,23,119.67,5,14.85,3,12,2,49.21,2,4,5,7,0.15384615384615385,33.775999999999996,160,0,-6,0,12.306289881494987
18,49,183.95,6,4.3,9,8,1,28.03,2,0,9,4,0.1111111111111111,35.33,0,0,-4,0,2.3249526899161936
32,71,199.41,1,12.09,11,5,3,21.15,2,0,2,8,0.5,220.56,0,0,-8,1,6.032633102140612
67,52,657.4,1,11.73,4,12,3,51.45,1,1,8,4,0.23076923076923078,708.85,40,0,-7,0,1.781591737545565
21,41,655.66,5,47.57,5,2,2,31.26,3,2,9,3,0.6666666666666666,137.384,72,0,-7,0,7.2442359820911895
63,113,288.19,6,25.26,10,13,0,34.68,3,2,6,3,0.0,53.81166666666667,48,1,2,1,8.734741865209724
22,18,144.01,1,12.94,6,2,2,62.52,3,2,10,4,0.6666666666666666,206.53,100,0,-7,0,8.923522515688573
57,39,994.43,4,2.77,2,13,1,23.66,1,1,0,3,0.07142857142857142,254.52249999999998,0,0,-3,0,0.2782717016766624
45,36,345.83,1,34.27,5,14,2,29.5,2,1,6,4,0.13333333333333333,375.33,30,0,-6,0,9.880921488913879
65,60,212.08,1,18.06,1,14,2,30.82,3,1,7,3,0.13333333333333333,242.9,28,0,-7,0,8.475689881734558
21,36,267.36,3,7.79,4,3,1,32.04,2,1,0,4,0.25,99.80000000000001,0,0,-4,0,2.902817111342972
48,104,540.3,3,42.27,11,2,3,40.85,3,3,11,7,1.0,193.71666666666667,264,0,-9,1,7.808978385368559
37,83,1111.05,5,91.4,9,6,2,42.64,3,2,5,6,0.2857142857142857,230.738,70,0,-7,1,8.219054898610676
67,41,419.18,4,69.44,5,2,0,27.62,3,1,3,4,0.0,111.7,15,1,2,0,16.526250654481412
61,107,471.73,1,8.62,1,9,1,32.81,2,1,4,4,0.1,504.54,20,0,-4,1,1.8234510185518158
57,48,222.5,3,48.65,6,9,5,48.83,2,6,3,10,0.5,90.44333333333333,198,0,-12,0,21.767337807606264
47,17,240.26,1,24.33,5,10,4,45.68,1,3,9,5,0.36363636363636365,285.94,162,0,-9,0,10.08455608057697
68,102,626.65,5,0.66,1,5,1,23.72,3,0,0,2,0.16666666666666666,130.074,0,0,-5,1,0.10515414641918266
39,26,870.52,4,11.19,2,13,2,33.47,1,2,0,4,0.14285714285714285,225.9975,0,0,-5,0,1.2839636497154396
42,93,80.39,6,16.11,4,6,6,47.56,1,2,7,5,0.8571428571428571,21.325,84,0,-13,1,19.79358643568006
20,49,974.57,2,0.74,7,9,2,25.14,1,1,3,4,0.2,499.855,15,0,-5,0,0.07585309101345879
37,74,288.93,2,20.8,9,9,2,62.02,1,1,3,4,0.2,175.475,15,0,-5,1,7.174145483392542
21,52,455.0,1,34.0,11,12,2,24.57,3,1,8,3,0.15384615384615385,479.57,32,0,-7,0,7.456140350877193
43,72,526.01,3,0.14,10,9,4,40.57,3,0,7,4,0.4,188.86,0,0,-11,1,0.0265649608166828
24,118,1110.66,5,20.14,9,6,2,31.05,3,0,5,2,0.2857142857142857,228.342,0,0,-7,1,1.8117050177212455
22,115,328.88,4,24.7,5,2,2,25.37,2,1,8,3,0.6666666666666666,88.5625,32,0,-6,1,7.487571238025949
67,88,468.76,6,19.97,4,8,4,38.39,2,2,11,5,0.4444444444444444,84.52499999999999,132,0,-10,1,4.251106948228882
23,29,455.48,5,35.97,4,9,3,28.94,1,1,3,4,0.3,96.884,15,0,-7,0,7.879863301787592
47,18,463.71,3,9.89,4,5,0,17.21,3,1,7,3,0.0,160.30666666666664,28,1,2,0,2.1282089905532486
65,111,170.67,2,0.48,3,9,2,42.01,2,1,2,3,0.2,106.33999999999999,8,0,-6,1,0.2796062212384226
36,14,492.2,2,23.28,11,5,1,42.8,1,1,9,4,0.16666666666666666,267.5,45,0,-3,0,4.7201946472019465
59,53,686.0,1,0.04,3,9,2,40.03,3,2,5,5,0.2,726.03,60,0,-7,0,0.005822416302765647
20,108,292.0,3,50.51,5,12,2,14.38,3,0,6,4,0.15384615384615385,102.12666666666667,0,0,-7,1,17.238907849829353
48,32,1185.42,6,2.42,6,4,3,39.71,3,3,8,6,0.6,204.18833333333336,168,0,-9,0,0.20397498356399926
30,13,572.35,2,34.02,9,7,4,26.96,2,1,7,3,0.5,299.65500000000003,28,0,-10,0,5.933548443359205
33,59,245.0,3,0.41,6,4,2,51.43,2,3,6,5,0.4,98.81,108,0,-6,0,0.16666666666666666
54,11,600.03,3,3.07,9,5,1,24.73,1,3,5,7,0.16666666666666666,208.25333333333333,120,0,-3,0,0.5107898108247508
47,76,1183.03,2,13.32,2,4,3,25.1,3,1,1,4,0.6,604.0649999999999,5,0,-9,1,1.1249714956546708
36,92,343.2,4,42.07,1,14,2,62.34,1,0,3,5,0.13333333333333333,101.38499999999999,0,0,-5,1,12.222545031958164
48,75,193.75,3,45.01,9,13,2,45.8,2,3,8,6,0.14285714285714285,79.85000000000001,168,0,-6,1,23.111681643132222
44,119,288.94,2,42.7,5,3,2,42.4,1,2,0,4,0.5,165.67,0,0,-5,1,14.7271849348141
59,78,643.22,5,23.05,9,5,1,26.0,3,3,0,9,0.16666666666666666,133.844,0,0,-5,1,3.577970258607308
61,73,639.78,3,19.78,4,8,2,38.9,1,1,7,5,0.2222222222222222,226.22666666666666,42,0,-5,1,3.086862885857861
25,37,683.67,5,7.12,4,3,3,37.46,1,1,7,7,0.75,144.226,56,0,-7,0,1.0399170403259965
31,11,403.97,4,17.8,9,8,3,42.82,1,3,11,7,0.3333333333333333,111.6975,264,0,-7,0,4.395387312640443
64,69,479.42,2,12.72,1,10,3,43.38,3,3,10,6,0.2727272727272727,261.40000000000003,210,0,-9,1,2.6476832771325087
54,111,331.1,3,9.25,9,7,2,42.2,2,2,3,3,0.25,124.43333333333334,24,0,-6,1,2.785305630834086
64,28,359.49,2,11.01,11,9,0,26.18,2,2,9,3,0.0,192.835,72,1,3,0,3.0541762600904323
33,30,282.37,3,19.22,8,11,1,45.1,1,3,7,7,0.08333333333333333,109.15666666666668,168,0,-3,0,6.782651656844408
27,103,139.01,1,65.76,9,5,0,39.19,1,1,8,3,0.0,178.2,32,1,4,1,46.96807370902079
45,118,599.88,3,6.49,1,11,3,27.4,1,0,4,4,0.25,209.09333333333333,0,0,-7,1,1.080082545599787
50,27,373.87,2,39.49,2,10,1,45.59,1,2,6,4,0.09090909090909091,209.73000000000002,60,0,-3,0,10.534318563768775
20,64,616.05,5,12.55,4,4,4,44.19,3,0,0,2,0.8,132.048,0,0,-11,1,2.033870837047241
69,50,232.4,1,14.26,2,4,1,38.3,3,1,8,2,0.2,270.7,24,0,-5,0,6.10968294772922
35,108,843.11,5,3.37,3,2,2,48.89,3,2,11,4,0.6666666666666666,178.4,110,0,-7,1,0.39923706625913685
59,30,483.04,1,21.94,9,7,2,28.0,1,0,5,2,0.25,511.04,0,0,-5,0,4.5326832493182385
26,51,416.54,6,2.43,10,5,4,44.13,2,0,8,4,0.6666666666666666,76.77833333333334,0,0,-10,0,0.5819801695645926
19,7,480.57,4,1.41,9,9,2,24.39,2,0,10,3,0.2,126.24,0,0,-6,0,0.29279232510330794
29,10,531.99,6,47.06,7,5,1,36.61,2,1,3,5,0.16666666666666666,94.76666666666667,18,0,-4,0,8.829433948104093
61,12,490.26,1,9.6,3,12,3,42.48,3,1,7,5,0.23076923076923078,532.74,42,0,-9,0,1.9541586939706064
47,113,747.45,3,37.37,11,6,3,34.84,2,1,4,4,0.42857142857142855,260.7633333333334,20,0,-8,1,4.992985503373639
33,20,629.58,1,12.21,4,10,2,45.29,3,0,1,3,0.18181818181818182,674.87,0,0,-7,0,1.9363126010974026
39,80,474.68,1,30.24,6,14,6,21.66,2,1,10,4,0.4,496.34000000000003,50,0,-14,1,6.357214934409687
62,8,866.54,5,67.55,1,13,2,42.33,2,2,0,4,0.14285714285714285,181.774,0,0,-6,0,7.7863844894759895
69,95,385.14,1,12.27,6,10,3,33.19,2,0,6,4,0.2727272727272727,418.33,0,0,-8,1,3.177603977831874
37,45,375.02,1,21.53,7,8,2,47.51,2,1,5,3,0.2222222222222222,422.53,20,0,-6,0,5.725759268124037
38,100,370.99,1,23.05,11,4,3,33.71,1,0,2,4,0.6,404.7,0,0,-7,1,6.196403129116375
35,114,228.08,4,37.01,7,14,3,39.1,1,1,1,5,0.2,66.795,6,0,-7,1,16.15592806006635
26,98,322.05,5,40.78,10,7,0,24.8,3,0,2,3,0.0,69.37,0,1,2,1,12.623432905123048
18,76,155.47,6,34.47,10,14,5,40.27,1,2,11,5,0.3333333333333333,32.623333333333335,132,0,-11,1,22.029782066849876
65,53,438.07,5,20.56,10,2,3,40.28,3,0,6,3,1.0,95.67,0,0,-9,0,4.682624638440339
19,102,577.58,2,5.21,5,4,0,62.28,3,2,10,6,0.0,319.93,140,1,2,1,0.9004804867088388
60,86,261.8,3,21.93,7,11,2,58.37,2,2,8,5,0.16666666666666666,106.72333333333334,96,0,-6,1,8.344748858447488
50,36,297.13,6,0.9,2,13,1,34.19,3,2,8,3,0.07142857142857142,55.22,64,0,-5,0,0.3018817294468856
52,106,542.7,1,8.22,7,5,1,39.87,2,0,5,2,0.16666666666666666,582.57,0,0,-4,1,1.511863159830789
65,82,534.72,3,7.53,5,5,1,54.62,2,1,7,2,0.16666666666666666,196.4466666666667,21,0,-4,1,1.4055850070932576
23,67,290.32,1,15.3,6,11,5,32.97,3,0,0,4,0.4166666666666667,323.28999999999996,0,0,-13,1,5.251956611286558
21,73,493.06,3,43.42,6,7,2,35.2,3,1,8,3,0.25,176.08666666666667,32,0,-7,1,8.78840626644537
30,23,728.83,1,47.62,10,4,0,46.28,1,2,1,2,0.0,775.11,6,1,4,0,6.5248071468698186
36,39,677.21,1,23.64,2,10,3,45.25,1,1,11,3,0.2727272727272727,722.46,44,0,-7,0,3.4856460388375283
60,94,93.21,4,2.75,10,4,5,49.82,1,4,4,6,1.0,35.7575,112,0,-11,1,2.9190107207302836
63,31,1010.66,1,15.43,4,13,2,31.92,2,0,7,3,0.14285714285714285,1042.58,0,0,-6,0,1.5252159816539153
34,88,309.13,5,38.91,8,9,5,36.58,3,4,5,6,0.5,69.142,140,0,-13,1,12.546351530003546
62,106,258.11,3,39.98,9,3,2,49.29,2,2,1,4,0.5,102.46666666666668,10,0,-6,1,15.42974026475242
63,90,1208.05,6,23.0,4,12,1,30.72,3,1,5,2,0.07692307692307693,206.46166666666667,15,0,-5,1,1.9023200033083827
53,110,1130.84,6,54.85,3,3,3,10.32,3,2,9,6,0.75,190.1933333333333,126,0,-9,1,4.846091320327963
39,95,789.52,1,2.17,3,12,4,43.12,3,0,11,3,0.3076923076923077,832.64,0,0,-11,1,0.27450285887770076
22,103,72.67,3,20.24,5,2,2,43.21,2,3,0,7,0.6666666666666666,38.626666666666665,0,0,-6,1,27.473869960635263
47,24,222.64,6,71.07,6,14,1,37.11,3,2,8,4,0.06666666666666667,43.291666666666664,80,0,-5,0,31.778751565015202
43,75,193.84,4,8.65,10,11,2,51.39,3,1,9,3,0.16666666666666666,61.307500000000005,36,0,-7,1,4.4395401354957915
66,109,995.58,2,7.05,6,8,1,49.77,3,2,11,6,0.1111111111111111,522.6750000000001,154,0,-5,1,0.707419374259969
43,3,499.62,1,43.79,4,3,5,47.72,1,1,5,3,1.25,547.34,20,0,-11,0,8.747153529623267
53,83,246.89,3,68.36,10,2,1,56.74,2,0,9,4,0.3333333333333333,101.21,0,0,-4,1,27.576747751018598
37,9,154.25,2,20.45,8,2,1,49.57,3,0,10,3,0.3333333333333333,101.91,0,0,-5,0,13.172302737520129
43,34,665.48,3,44.01,2,3,4,36.6,1,2,4,4,1.0,234.02666666666667,40,0,-9,0,6.603348937702556
66,2,928.87,5,5.77,4,9,2,7.25,3,1,7,4,0.2,187.224,35,0,-7,0,0.6205168464409003
62,30,98.29,4,31.32,3,9,2,39.85,3,1,7,3,0.2,34.535000000000004,28,0,-7,0,31.543962131131025
20,115,273.11,4,29.58,2,14,0,44.43,1,1,4,2,0.0,79.385,12,1,4,1,10.791288168983254
29,101,116.95,4,51.35,8,6,0,36.4,3,2,0,5,0.0,38.3375,0,1,2,1,43.53539635438745
25,98,547.68,2,8.1,4,13,2,52.91,3,2,8,4,0.14285714285714285,300.29499999999996,80,0,-7,1,1.4762703214988702
35,25,781.26,1,17.98,4,7,3,20.2,2,1,9,5,0.375,801.46,54,0,-8,0,2.2984685398716542
31,23,186.4,6,7.49,10,10,0,45.41,3,3,7,7,0.0,38.635,168,1,2,0,3.9967982924226257
30,77,244.71,1,3.33,5,10,1,41.74,2,2,7,4,0.09090909090909091,286.45,70,0,-4,1,1.3552561963290057
30,45,139.62,4,5.5,7,8,1,60.85,1,7,1,10,0.1111111111111111,50.1175,77,0,-3,0,3.911250177784099
51,53,409.77,6,8.23,3,5,5,43.93,2,1,10,3,0.8333333333333334,75.61666666666666,40,0,-12,0,2.0035543004601117
37,79,575.52,5,18.97,11,14,4,32.64,1,3,4,6,0.26666666666666666,121.63199999999999,84,0,-9,1,3.2904322486644
19,67,430.96,2,6.8,2,10,3,16.33,1,1,4,3,0.2727272727272727,223.64499999999998,16,0,-7,1,1.574219835169923
58,113,272.71,1,29.73,2,6,3,58.5,2,2,2,4,0.42857142857142855,331.21,20,0,-8,1,10.861861093858465
65,54,538.99,2,58.74,11,5,1,32.65,1,1,6,3,0.16666666666666666,285.82,24,0,-3,0,10.877979221837442
41,26,560.4,5,18.52,10,2,4,37.7,2,1,9,4,1.3333333333333333,119.62,45,0,-10,0,3.298895618097613
20,62,589.07,3,66.27,6,5,1,39.73,1,3,4,7,0.16666666666666666,209.60000000000002,96,0,-3,1,11.230870913620416
49,11,507.4,1,30.22,1,11,2,35.66,1,1,9,3,0.16666666666666666,543.06,36,0,-5,0,5.944138473642801
19,95,58.63,2,2.52,3,2,1,35.3,2,2,1,3,0.3333333333333333,46.965,8,0,-4,1,4.226060707697467
30,113,526.69,5,10.9,9,13,5,45.11,1,1,2,5,0.35714285714285715,114.36000000000001,12,0,-11,1,2.0656067009039396
32,29,715.62,5,13.69,5,6,3,27.87,3,1,8,3,0.42857142857142855,148.698,32,0,-9,0,1.9103569534760403
35,46,756.33,1,21.85,1,5,1,54.07,3,3,6,8,0.16666666666666666,810.4000000000001,162,0,-5,0,2.8851359380983195
50,20,375.96,5,1.03,7,11,1,28.12,1,0,6,1,0.08333333333333333,80.816,0,0,-3,0,0.27323853989813246
58,2,138.61,1,34.09,1,7,3,39.34,3,1,8,6,0.375,177.95000000000002,56,0,-9,0,24.418021631688276
37,41,58.54,4,18.08,9,14,3,59.89,2,1,11,3,0.2,29.6075,44,0,-8,0,30.36614040980853
46,92,474.16,2,12.03,2,9,1,37.59,3,5,9,8,0.1,255.875,405,0,-5,1,2.531778769256671
27,35,913.88,5,80.41,4,5,0,12.67,2,0,1,0,0.0,185.31,0,1,3,0,8.78913081497027
23,86,535.4,4,18.02,11,2,3,48.1,2,3,6,6,1.0,145.875,126,0,-8,1,3.3594332587621176
28,9,754.71,3,46.16,10,7,0,56.69,1,3,9,4,0.0,270.4666666666667,135,1,4,0,6.1081631842902695
40,25,140.08,3,34.02,6,9,3,46.82,3,2,9,4,0.3,62.300000000000004,90,0,-9,0,24.11397788488801
46,88,866.71,6,48.85,1,5,4,43.48,3,0,4,6,0.6666666666666666,151.69833333333335,0,0,-11,1,5.629761095296815
67,85,305.52,2,13.71,3,2,2,35.97,3,2,0,4,0.6666666666666666,170.745,0,0,-7,1,4.472791334986298
33,88,1541.74,3,30.64,6,3,0,31.42,1,0,9,2,0.0,524.3866666666667,0,1,4,1,1.9860767206399004
48,26,775.91,6,21.91,11,6,4,49.15,3,1,2,4,0.5714285714285714,137.51,10,0,-11,0,2.8201464777129917
44,117,439.15,5,7.47,9,5,1,42.41,2,3,1,4,0.16666666666666666,96.31199999999998,15,0,-4,1,1.6971486993070544
54,103,238.92,4,28.67,6,9,3,40.98,3,1,11,3,0.3,69.975,44,0,-9,1,11.94981660553518
50,56,237.94,4,17.96,6,4,1,43.92,1,0,10,2,0.2,70.465,0,0,-3,0,7.516531346781619
27,30,284.43,2,44.76,7,7,1,32.46,3,0,2,1,0.125,158.445,0,0,-5,0,15.681603195179203
38,73,973.75,6,14.22,10,3,4,22.49,2,1,1,4,1.0,166.04,5,0,-10,1,1.4588355988715056
43,71,74.01,2,1.13,6,8,6,55.68,2,0,2,4,0.6666666666666666,64.845,0,0,-14,1,1.506465804559392
66,88,527.69,6,115.35,2,11,2,52.71,1,1,2,6,0.16666666666666666,96.73333333333335,14,0,-5,1,21.81807864722238
57,6,27.01,2,83.21,1,2,0,30.99,1,0,3,1,0.0,29.0,0,1,4,0,297.07247411638696
45,93,107.12,2,20.84,11,8,2,28.99,3,1,0,3,0.2222222222222222,68.055,0,0,-7,1,19.274879763226043
56,1,465.65,4,20.19,6,14,1,33.41,2,2,2,4,0.06666666666666667,124.76499999999999,20,0,-4,0,4.326583092253295
25,42,161.36,4,17.76,3,7,3,34.63,2,3,6,4,0.375,48.9975,90,0,-8,0,10.938654841093866
38,49,170.59,2,6.35,2,12,0,32.01,2,2,9,3,0.0,101.3,72,1,3,0,3.700681857917128
61,23,334.37,1,39.93,2,4,2,10.0,2,0,8,2,0.4,344.37,0,0,-6,0,11.906252795419983
64,38,254.94,5,13.7,11,8,0,23.12,1,1,10,2,0.0,55.612,30,1,4,0,5.35281706649996
63,119,802.83,6,57.08,5,8,3,46.14,3,0,11,2,0.3333333333333333,141.495,0,0,-9,1,7.101003943619919
37,9,352.13,4,57.69,7,5,4,36.79,2,3,2,7,0.6666666666666666,97.23,48,0,-10,0,16.336759833489083
53,107,536.74,6,44.93,6,14,0,42.67,1,0,3,4,0.0,96.56833333333333,0,1,4,1,8.355339011418158
60,98,872.85,5,12.55,3,9,3,52.29,1,1,0,3,0.3,185.028,0,0,-7,1,1.436173256279682
50,5,140.82,3,35.93,9,8,1,34.74,2,2,2,5,0.1111111111111111,58.52,24,0,-4,0,25.334931603440978
42,57,427.33,3,19.31,9,3,1,47.92,1,1,1,3,0.25,158.41666666666666,4,0,-3,0,4.508206289543109
36,115,437.82,2,37.85,8,6,3,55.64,3,0,3,2,0.42857142857142855,246.73,0,0,-9,1,8.625404493869924
58,90,777.3,1,20.5,9,5,5,35.0,3,5,6,7,0.8333333333333334,812.3,240,0,-13,1,2.633945779262495
51,71,660.28,1,7.44,2,13,2,38.91,2,1,1,5,0.14285714285714285,699.1899999999999,6,0,-6,1,1.1250907331236393
35,52,494.35,1,4.78,9,9,4,46.28,3,1,10,4,0.4,540.63,50,0,-11,0,0.9649742606238014
31,24,239.0,2,16.32,2,14,3,22.79,1,1,6,4,0.2,130.895,30,0,-7,0,6.800000000000001
54,13,716.05,1,11.77,7,11,6,63.44,3,5,1,10,0.5,779.49,55,0,-15,0,1.6414475977965277
19,101,419.88,5,12.34,1,7,3,46.93,1,0,2,4,0.375,93.362,0,0,-7,1,2.931952100361148
45,5,470.48,2,3.25,4,12,1,46.78,3,0,10,2,0.07692307692307693,258.63,0,0,-5,0,0.6893187409858319
31,102,140.0,4,26.97,4,3,2,34.58,1,2,1,6,0.5,43.644999999999996,14,0,-5,1,19.127659574468083
56,64,237.6,1,2.7,3,4,2,40.94,1,0,7,2,0.4,278.53999999999996,0,0,-5,1,1.131601005867561
64,66,506.01,5,154.88,7,3,1,40.26,1,4,0,6,0.25,109.25399999999999,0,0,-3,1,30.547720952249463
20,3,525.92,4,112.59,11,9,1,31.09,2,1,6,5,0.1,139.2525,36,0,-4,0,21.367570029606014
25,81,816.27,1,73.96,1,8,1,58.35,1,1,4,4,0.1111111111111111,874.62,20,0,-3,1,9.049640877555765
54,50,402.0,5,2.08,1,12,1,22.27,1,2,10,5,0.07692307692307693,84.854,120,0,-3,0,0.5161290322580645
56,52,28.27,3,30.59,4,13,3,37.13,3,0,10,3,0.21428571428571427,21.8,0,0,-9,0,104.50973693201232
40,72,277.69,1,64.51,10,5,2,41.87,1,3,2,7,0.3333333333333333,319.56,48,0,-5,1,23.147583336323514
33,32,404.07,2,2.57,1,5,4,61.21,2,1,2,5,0.6666666666666666,232.64,12,0,-10,0,0.6344582417853705
41,35,281.81,2,2.39,2,12,0,40.03,3,1,6,3,0.0,160.92000000000002,24,1,2,0,0.8450903433400516
39,12,499.44,2,14.15,11,2,1,30.66,1,1,5,4,0.3333333333333333,265.05,25,0,-3,0,2.82751178962513
18,60,391.99,6,17.51,10,12,2,21.15,3,3,11,5,0.15384615384615385,68.85666666666667,198,0,-7,0,4.455584111555002
37,62,40.76,2,23.68,2,5,1,17.34,2,1,2,3,0.16666666666666666,29.049999999999997,8,0,-4,1,56.70498084291188
69,73,483.66,2,20.82,10,3,3,39.08,3,1,7,5,0.75,261.37,42,0,-9,1,4.29579499030248
57,47,450.65,5,4.79,6,12,1,43.3,3,1,2,4,0.07692307692307693,98.78999999999999,10,0,-5,0,1.060555740064209
44,18,268.09,4,13.46,8,7,3,29.51,2,3,11,7,0.375,74.39999999999999,264,0,-8,0,5.002043925824075
18,117,660.3,6,51.57,7,4,2,32.19,1,4,6,6,0.4,115.415,168,0,-5,1,7.798276122788447
55,49,171.35,5,20.19,9,7,2,39.96,1,1,6,4,0.25,42.262,30,0,-5,0,11.714534377719756
29,65,287.69,5,59.09,2,11,1,52.98,3,0,8,4,0.08333333333333333,68.134,0,0,-5,1,20.46832242197513
32,41,93.09,3,41.18,6,2,1,26.47,2,5,5,7,0.3333333333333333,39.85333333333333,200,0,-4,0,43.76660644064194
24,22,491.63,5,55.02,3,10,3,21.79,1,1,4,3,0.2727272727272727,102.684,16,0,-7,0,11.168625540466477
52,35,250.99,3,1.29,1,4,4,38.52,1,1,10,4,0.8,96.50333333333333,50,0,-9,0,0.5119250763919203
42,107,435.57,4,85.36,10,3,1,43.82,3,1,7,4,0.25,119.8475,35,0,-5,1,19.55242000137435
60,47,1842.3,1,6.68,2,14,4,23.56,3,5,9,7,0.26666666666666666,1865.86,360,0,-11,0,0.36239353333695
47,109,199.72,1,62.48,4,11,3,36.06,2,1,1,4,0.25,235.78,5,0,-8,1,31.127939418094858
53,60,176.94,6,26.78,4,7,3,47.93,2,1,2,2,0.375,37.47833333333333,6,0,-8,0,15.0500168596156
36,25,557.64,6,3.34,3,2,5,41.44,2,3,5,7,1.6666666666666667,99.84666666666665,120,0,-12,0,0.5978805670915079
67,50,288.97,1,0.56,5,6,1,34.25,3,0,6,3,0.14285714285714285,323.22,0,0,-5,0,0.19312342656136844
29,62,413.37,4,1.38,7,3,3,48.81,3,2,3,4,0.75,115.545,30,0,-9,1,0.33303569273837386
38,32,150.8,4,10.32,11,7,2,54.76,2,2,8,5,0.25,51.39,96,0,-6,0,6.798418972332016
52,94,470.98,5,0.81,9,12,1,45.09,1,2,10,4,0.07692307692307693,103.21400000000001,100,0,-3,1,0.17161744141700921
58,108,478.26,4,0.69,4,11,2,37.09,2,2,4,7,0.16666666666666666,128.8375,64,0,-6,1,0.14397195676668198
54,33,237.49,4,58.24,7,13,3,50.09,3,2,9,5,0.21428571428571427,71.89500000000001,108,0,-9,0,24.42031112415615
28,69,507.04,4,33.01,8,14,1,37.46,3,1,3,3,0.06666666666666667,136.125,12,0,-5,1,6.497519880324383
65,22,310.54,6,3.49,2,4,2,24.61,2,0,4,3,0.4,55.85833333333334,0,0,-6,0,1.1202413815240417
38,36,399.95,6,2.85,4,4,0,42.29,1,4,9,7,0.0,73.70666666666666,288,1,4,0,0.7108118219229331
23,6,698.12,6,4.94,8,14,4,23.75,2,0,0,3,0.26666666666666666,120.31166666666667,0,0,-10,0,0.7066025861082504
28,41,552.04,3,3.86,7,9,3,45.32,2,1,9,4,0.3,199.12,45,0,-8,0,0.6979603645305946
68,60,247.14,3,66.17,5,13,2,46.46,3,0,1,2,0.14285714285714285,97.86666666666666,0,0,-7,0,26.6663980011284
44,78,320.42,4,15.74,11,6,2,35.84,2,0,1,2,0.2857142857142857,89.065,0,0,-6,1,4.8970194760749175
69,58,95.55,2,0.71,1,3,1,36.32,1,2,2,6,0.25,65.935,28,0,-3,0,0.7353702744691869
43,30,658.72,4,16.66,2,10,4,29.08,3,0,7,5,0.36363636363636365,171.95000000000002,0,0,-11,0,2.52531376947796
48,77,451.14,3,26.16,6,13,1,45.59,1,1,5,2,0.07142857142857142,165.57666666666668,15,0,-3,1,5.785818551775999
54,16,392.77,6,4.25,1,14,4,48.55,2,2,7,4,0.26666666666666666,73.55333333333333,70,0,-10,0,1.0793102572567743
34,39,200.12,5,3.02,4,10,1,56.3,3,1,4,3,0.09090909090909091,51.284000000000006,16,0,-5,0,1.5015910898965792
36,84,170.47,6,16.49,10,9,2,63.93,3,4,10,7,0.2,39.06666666666667,320,0,-7,1,9.616842596372543
29,76,679.11,1,10.05,5,11,1,44.97,1,0,0,1,0.08333333333333333,724.08,0,0,-3,1,1.4777021364191087
31,117,143.96,6,30.38,11,4,2,35.67,1,1,2,3,0.4,29.938333333333333,8,0,-5,1,20.957505518763796
59,106,503.34,3,66.18,8,9,3,56.15,1,3,7,5,0.3,186.49666666666667,126,0,-7,1,13.12210017051989
34,14,859.92,6,133.02,10,13,4,37.92,3,0,1,4,0.2857142857142857,149.64,0,0,-11,0,15.4509129768155
29,108,353.11,3,6.9,10,11,1,21.32,3,3,8,5,0.08333333333333333,124.81,144,0,-5,1,1.948547061647511
53,68,350.52,1,11.39,4,2,2,48.5,3,3,8,5,0.6666666666666666,399.02,144,0,-7,1,3.240213928083751
41,71,12.13,1,35.19,8,4,4,29.34,1,1,9,4,0.8,41.47,45,0,-9,1,268.012185833968
38,9,767.45,1,18.13,1,12,3,11.67,1,4,4,8,0.23076923076923078,779.12,144,0,-7,0,2.3592946841043654
23,3,239.37,4,42.56,10,12,0,35.2,3,2,10,4,0.0,68.6425,100,1,2,0,17.706036527020842
53,55,443.93,2,44.28,3,2,2,27.08,2,2,0,6,0.6666666666666666,235.505,0,0,-6,0,9.952127300923742
52,116,110.48,2,30.15,5,2,2,19.39,1,2,4,5,0.6666666666666666,64.935,48,0,-5,1,27.045209903121638
28,106,391.87,5,30.44,2,14,2,46.21,2,1,10,3,0.13333333333333333,87.616,40,0,-6,1,7.748110061852522
47,32,265.32,2,22.56,7,4,3,47.47,3,1,0,2,0.6,156.39499999999998,0,0,-9,0,8.471012316010814
55,67,424.12,1,34.38,4,13,3,41.34,3,0,0,1,0.21428571428571427,465.46000000000004,0,0,-9,1,8.087128340233345
69,92,288.89,6,39.13,9,10,0,48.12,3,3,9,5,0.0,56.16833333333333,162,1,2,1,13.49822346407258
67,82,306.06,2,71.6,2,9,4,13.5,3,0,5,2,0.4,159.78,0,0,-11,1,23.31791832215202
69,92,914.11,2,27.15,2,12,1,36.21,3,0,7,1,0.07692307692307693,475.16,0,0,-5,1,2.966856443487668
19,58,589.08,2,86.68,6,3,2,32.13,3,1,1,4,0.5,310.605,5,0,-7,0,14.689533622559653
45,49,179.06,5,6.13,6,8,3,47.87,2,1,7,7,0.3333333333333333,45.386,56,0,-8,0,3.4044207486393425
20,9,106.28,6,9.72,4,3,6,46.73,1,1,7,5,1.5,25.501666666666665,42,0,-13,0,9.060402684563758
23,71,113.8,3,18.72,9,6,2,20.23,2,2,3,4,0.2857142857142857,44.67666666666667,30,0,-6,1,16.306620209059233
42,101,42.09,6,48.13,5,2,2,33.29,2,1,2,4,0.6666666666666666,12.563333333333333,10,0,-6,1,111.69644929217917
40,84,569.84,1,39.44,3,8,2,26.67,3,1,0,5,0.2222222222222222,596.51,0,0,-7,1,6.909116389881577
19,64,141.67,3,8.17,7,4,1,22.43,3,1,7,2,0.2,54.699999999999996,21,0,-5,1,5.726501717249597
62,15,417.04,5,24.88,1,10,1,64.66,2,3,5,5,0.09090909090909091,96.34,90,0,-4,0,5.95158358051861
55,52,221.74,1,22.1,3,8,3,51.03,2,1,4,3,0.3333333333333333,272.77,16,0,-8,0,9.921882014905272
45,20,35.78,5,52.6,5,4,1,17.44,1,2,11,5,0.2,10.644,132,0,-3,0,143.01250679717236
41,51,55.87,2,2.11,2,14,5,29.1,3,3,0,5,0.3333333333333333,42.485,0,0,-13,0,3.7102162827501317
48,5,298.11,3,14.29,4,6,0,36.42,2,3,4,4,0.0,111.51,60,1,3,0,4.777506602922001
54,88,531.07,6,13.17,5,5,4,31.21,3,1,10,4,0.6666666666666666,93.71333333333335,50,0,-11,1,2.4752382205348917
24,114,419.75,1,29.56,10,8,4,30.72,1,4,3,7,0.4444444444444444,450.47,96,0,-9,1,7.025549613784908
64,25,802.36,6,127.73,10,3,0,56.31,2,2,11,3,0.0,143.11166666666668,88,1,3,0,15.899472216689903
51,23,328.82,1,0.75,7,13,0,47.72,1,0,5,0,0.0,376.53999999999996,0,1,4,0,0.22739676187011099
60,37,428.76,4,29.54,10,11,5,44.5,1,0,2,2,0.4166666666666667,118.315,0,0,-11,0,6.873603871928519
49,83,784.82,3,33.17,8,14,3,18.63,2,1,3,3,0.2,267.81666666666666,12,0,-8,1,4.221068438064696
22,57,352.7,6,23.54,7,7,2,39.12,2,1,3,3,0.25,65.30333333333333,12,0,-6,0,6.65535764772406
53,61,815.37,4,8.04,3,12,1,45.49,2,0,11,1,0.07692307692307693,215.215,0,0,-4,1,0.9848475568675966
36,13,314.45,3,6.68,9,14,4,45.35,2,2,5,6,0.26666666666666666,119.93333333333334,70,0,-10,0,2.1176097638294498
48,70,633.9,3,12.8,3,14,1,34.44,1,2,7,5,0.06666666666666667,222.77999999999997,84,0,-3,1,2.016065522129469
27,80,170.07,6,2.89,3,11,2,40.61,1,2,7,4,0.16666666666666666,35.11333333333334,70,0,-5,1,1.68936692581984
58,43,50.93,5,33.78,6,4,3,35.93,2,0,10,3,0.6,17.372,0,0,-8,0,65.04910456383594
60,10,142.25,3,5.39,9,13,0,38.35,3,1,2,3,0.0,60.199999999999996,8,1,2,0,3.762652705061082
60,6,248.21,4,8.05,6,8,3,45.04,1,1,3,3,0.3333333333333333,73.3125,12,0,-7,0,3.230207455559569
47,43,280.34,2,3.04,8,3,2,41.72,3,1,4,4,0.5,161.02999999999997,20,0,-7,0,1.0805431150920597
35,52,477.56,3,53.1,4,14,1,28.06,3,4,11,6,0.06666666666666667,168.54,308,0,-5,0,11.09578736208626
27,93,394.47,4,107.98,10,11,2,37.46,3,1,3,2,0.16666666666666666,107.9825,9,0,-7,1,27.304220294839048
28,44,788.55,4,50.42,7,12,3,26.29,1,1,11,5,0.23076923076923078,203.70999999999998,66,0,-7,0,6.385916028117282
40,90,445.11,4,67.03,8,8,1,27.71,3,0,7,2,0.1111111111111111,118.205,0,0,-5,1,15.025442155522182
21,26,431.62,5,15.21,1,9,3,45.21,2,3,5,6,0.3,95.366,105,0,-8,0,3.5157875271600942
39,34,219.83,2,51.71,3,12,6,30.04,2,0,5,3,0.46153846153846156,124.935,0,0,-14,0,23.416202508717113
60,8,411.19,6,50.45,6,7,1,29.23,2,1,8,3,0.125,73.40333333333334,32,0,-4,0,12.239501200902497
35,2,288.05,4,6.01,2,3,2,51.08,2,3,4,6,0.5,84.7825,84,0,-6,0,2.0792250475696243
55,69,110.92,5,75.5,7,11,3,51.15,2,3,11,5,0.25,32.414,198,0,-8,1,67.4588992137241
50,28,616.17,2,23.0,8,4,2,52.94,3,0,7,6,0.4,334.55499999999995,0,0,-7,0,3.726687946594941
69,26,809.46,4,11.19,6,12,1,25.73,3,1,6,2,0.07692307692307693,208.7975,18,0,-5,0,1.38069738173383
52,76,415.49,1,0.8,5,6,3,50.8,1,0,8,4,0.42857142857142855,466.29,0,0,-7,1,0.1920814425316334
60,99,670.5,5,14.19,7,12,4,27.37,3,2,1,4,0.3076923076923077,139.574,10,0,-11,1,2.1131794489947877
24,84,585.2,4,22.78,2,7,3,27.12,3,0,8,3,0.375,153.08,0,0,-9,1,3.8860457181849197
56,46,104.07,2,17.14,3,4,3,24.67,3,0,8,3,0.6,64.37,0,0,-9,0,16.31293423431998
38,32,584.26,4,197.07,11,3,3,30.05,2,0,0,2,0.75,153.5775,0,0,-8,0,33.672214058708946
44,59,142.73,2,8.91,6,7,2,40.64,1,0,7,4,0.25,91.685,0,0,-5,0,6.19912335629305
68,11,639.88,4,73.96,4,9,2,44.13,3,4,10,8,0.2,171.0025,360,0,-7,0,11.54038197478467
44,35,853.23,2,36.04,1,11,2,38.71,1,3,8,6,0.16666666666666666,445.97,168,0,-5,0,4.219004249441017
40,115,276.6,1,20.51,3,9,2,46.01,2,2,0,7,0.2,322.61,0,0,-6,1,7.388328530259367
20,60,510.24,1,39.35,10,13,1,49.11,2,4,9,8,0.07142857142857142,559.35,324,0,-4,0,7.6969720679133085
31,4,885.1,6,11.54,1,8,2,55.21,3,0,4,1,0.2222222222222222,156.71833333333333,0,0,-7,0,1.302336079449272
61,63,333.16,2,20.68,4,5,2,54.76,3,1,3,3,0.3333333333333333,193.96,12,0,-7,1,6.188652142686138
49,2,404.4,6,30.7,8,9,3,28.47,3,1,7,4,0.3,72.145,35,0,-9,0,7.572767636901825
41,78,780.75,2,67.15,7,2,3,64.47,2,0,4,3,1.0,422.61,0,0,-8,1,8.589702590342181
64,36,533.31,6,40.97,5,12,5,37.2,3,0,10,2,0.38461538461538464,95.085,0,0,-13,0,7.667833280305442
56,25,64.3,3,12.35,7,13,2,50.44,1,2,2,4,0.14285714285714285,38.24666666666666,20,0,-5,0,18.91271056661562
27,69,374.57,2,20.06,9,11,2,34.09,1,1,4,4,0.16666666666666666,204.32999999999998,20,0,-5,1,5.341214687009079
51,74,551.6,2,16.95,3,12,3,37.63,3,2,8,5,0.23076923076923078,294.615,96,0,-9,1,3.067318132464712
23,107,341.46,6,13.26,1,13,1,17.36,2,2,8,5,0.07142857142857142,59.803333333333335,96,0,-4,1,3.871985049348829
42,76,186.9,5,32.75,1,7,5,55.3,1,0,8,2,0.625,48.44,0,0,-11,1,17.42948376796168
36,8,592.31,2,53.73,2,11,4,49.56,1,1,8,5,0.3333333333333333,320.93499999999995,48,0,-9,0,9.055974111341458
34,80,544.91,1,4.56,5,8,2,50.46,3,0,2,2,0.2222222222222222,595.37,0,0,-7,1,0.8353025223938012
22,98,560.38,3,3.37,9,3,2,29.77,2,3,11,6,0.5,196.71666666666667,231,0,-6,1,0.6003063878299904
56,34,407.16,6,54.62,9,7,1,23.3,3,1,8,3,0.125,71.74333333333334,32,0,-5,0,13.382007056056446
63,114,491.93,4,39.3,1,11,0,30.19,3,3,11,4,0.0,130.53,165,1,2,1,7.972734465339906
55,22,1826.22,2,58.33,6,4,0,43.97,2,1,1,1,0.0,935.095,2,1,3,0,3.1922811703024268
20,1,802.7,2,27.14,8,10,3,42.35,2,1,5,4,0.2727272727272727,422.52500000000003,25,0,-8,0,3.376881921114844
33,47,395.12,3,141.22,11,10,2,48.55,3,1,6,4,0.18181818181818182,147.89000000000001,30,0,-7,0,35.65081288498435
65,62,755.2,1,3.38,11,2,2,50.84,3,3,2,5,0.6666666666666666,806.0400000000001,36,0,-7,1,0.4469717006083046
45,63,503.68,3,17.14,2,5,2,55.84,3,4,9,7,0.3333333333333333,186.50666666666666,288,0,-7,1,3.39621146072759
56,38,324.18,5,1.37,3,3,4,42.46,3,2,11,5,1.0,73.328,132,0,-11,0,0.4213051233163172
58,84,286.78,6,27.59,3,2,0,54.45,2,0,6,1,0.0,56.87166666666666,0,1,3,1,9.58718465494475
42,59,218.8,3,1.91,8,8,2,41.83,1,0,11,2,0.2222222222222222,86.87666666666667,0,0,-5,0,0.8689717925386715
39,74,146.24,1,51.07,11,13,4,24.21,3,1,11,3,0.2857142857142857,170.45000000000002,44,0,-11,1,34.68486824232545
30,22,456.69,1,46.28,2,13,3,29.97,2,2,9,4,0.21428571428571427,486.65999999999997,90,0,-8,0,10.111647621752715
31,116,273.0,3,4.6,3,12,5,69.28,3,1,4,3,0.38461538461538464,114.09333333333332,16,0,-13,1,1.678832116788321
24,45,1402.67,1,43.56,9,8,4,51.51,2,5,3,9,0.4444444444444444,1454.18,150,0,-10,0,3.1032935091581355
65,51,269.6,6,12.18,1,5,2,34.11,2,1,9,3,0.3333333333333333,50.61833333333334,36,0,-6,0,4.501108647450111
52,108,405.33,3,19.48,8,13,3,42.27,2,1,8,4,0.21428571428571427,149.2,40,0,-8,1,4.794132847685379
30,69,208.33,6,39.45,6,11,1,14.87,1,1,0,4,0.08333333333333333,37.2,0,0,-3,1,18.84584149429131
28,87,143.26,6,49.8,7,9,2,21.84,1,1,4,4,0.2,27.516666666666666,20,0,-5,1,34.521003743241366
25,105,240.45,2,48.0,4,14,1,37.37,3,0,6,5,0.06666666666666667,138.91,0,0,-5,1,19.87989231724995
41,14,133.89,6,19.74,2,14,1,26.97,3,2,3,5,0.06666666666666667,26.81,36,0,-5,0,14.634146341463413
24,33,267.53,1,25.33,3,5,1,44.47,1,0,11,2,0.16666666666666666,312.0,0,0,-3,0,9.432838044166388
18,72,89.59,1,18.17,1,11,0,43.19,3,1,8,4,0.0,132.78,40,1,2,1,20.057401479191963
45,19,881.11,4,1.13,4,13,5,16.81,1,0,5,2,0.35714285714285715,224.48,0,0,-11,0,0.12810193740009748
49,112,373.64,6,31.31,1,14,2,19.46,3,0,2,2,0.13333333333333333,65.51666666666667,0,0,-7,1,8.357356395472987
61,59,382.29,5,20.05,1,5,1,23.56,1,0,7,3,0.16666666666666666,81.17,0,0,-3,0,5.231026115995721
66,25,335.86,6,7.82,5,8,3,38.42,1,1,3,5,0.3333333333333333,62.38,18,0,-7,0,2.3214391735439053
51,112,169.79,2,6.01,10,4,2,18.33,2,2,7,5,0.4,94.06,84,0,-6,1,3.5189413900111246
44,3,296.05,5,29.13,11,2,3,36.82,3,1,7,3,1.0,66.574,28,0,-9,0,9.806429893957246
22,33,357.18,3,62.8,4,13,2,37.93,1,1,8,5,0.14285714285714285,131.70333333333335,48,0,-5,0,17.53308392428388
30,26,861.48,5,14.41,9,7,1,21.31,3,1,5,3,0.125,176.558,20,0,-5,0,1.6707633800204063
57,41,302.19,2,5.25,5,6,3,55.06,1,1,2,3,0.42857142857142855,178.625,8,0,-7,0,1.7315874534120517
39,99,1008.07,5,37.41,7,8,1,32.72,2,1,0,4,0.1111111111111111,208.158,0,0,-4,1,3.7073741167609775
56,4,609.18,4,1.58,3,9,1,35.78,3,1,7,5,0.1,161.23999999999998,42,0,-5,0,0.25893998492248194
56,111,421.79,5,23.64,3,3,1,26.52,3,1,6,4,0.25,89.662,30,0,-5,1,5.591428368693677
49,103,623.62,2,57.31,1,13,5,49.87,3,2,10,6,0.35714285714285715,336.745,140,0,-13,1,9.175178508533188
63,103,222.54,2,63.18,2,8,2,19.64,2,2,5,5,0.2222222222222222,121.09,60,0,-6,1,28.263398049566074
51,78,119.92,4,14.06,5,12,0,22.23,1,2,5,3,0.0,35.5375,40,1,4,1,11.627522328812438
59,96,390.7,3,24.54,3,7,1,40.66,3,1,11,4,0.125,143.78666666666666,55,0,-5,1,6.264998723512892
33,17,904.14,5,11.79,9,11,3,41.5,1,1,4,3,0.25,189.128,16,0,-7,0,1.3025609298009146
35,44,629.15,2,41.01,11,5,3,28.9,1,5,8,8,0.5,329.025,360,0,-7,0,6.507974291835278
19,44,608.86,5,31.55,10,5,4,25.96,2,1,10,3,0.6666666666666666,126.96400000000001,40,0,-10,0,5.173318466533303
21,94,376.56,4,32.82,9,12,0,25.85,2,0,11,0,0.0,100.6025,0,1,3,1,8.69265812056362
64,35,656.35,4,15.18,10,9,1,38.8,2,2,3,3,0.1,173.7875,24,0,-4,0,2.3092720772799877
20,59,447.27,1,29.75,8,8,2,21.89,1,2,1,4,0.2222222222222222,469.15999999999997,10,0,-5,0,6.636625248176323
40,34,289.92,1,33.73,10,12,3,26.19,3,1,0,4,0.23076923076923078,316.11,0,0,-9,0,11.594252715523167
63,55,657.9,1,112.83,3,8,4,37.82,1,0,2,3,0.4444444444444444,695.72,0,0,-9,0,17.123994536348462
27,85,1136.38,1,70.64,10,2,4,17.23,1,1,2,6,1.3333333333333333,1153.6100000000001,14,0,-9,1,6.210765091701981
29,59,288.44,5,48.39,6,7,4,31.23,3,1,2,3,0.5,63.934000000000005,8,0,-11,0,16.718490878938642
56,83,515.78,1,70.23,6,2,1,69.43,1,2,1,4,0.3333333333333333,585.21,10,0,-3,1,13.589922210611869
45,27,700.58,6,57.29,1,13,0,6.77,3,1,2,2,0.0,117.89166666666667,6,1,2,0,8.16585421477237
26,76,66.67,6,20.46,2,11,1,36.07,1,1,11,3,0.08333333333333333,17.123333333333335,44,0,-3,1,30.234963794886955
35,48,61.87,2,41.19,11,9,0,50.35,1,1,9,2,0.0,56.11,27,1,4,0,65.51614442500397
38,112,697.48,3,25.55,6,14,2,16.68,1,2,11,4,0.13333333333333333,238.0533333333333,110,0,-5,1,3.657942961860039
34,109,745.08,5,73.34,9,5,4,29.76,3,4,3,7,0.6666666666666666,154.96800000000002,96,0,-11,1,9.830045035384945
54,37,85.19,2,8.23,1,9,4,43.76,3,0,0,3,0.4,64.475,0,0,-11,0,9.548671539621767
61,68,400.57,6,6.21,1,5,0,29.36,3,0,3,1,0.0,71.655,0,1,2,1,1.5464302612246932
34,102,55.74,1,28.35,4,7,3,46.16,1,0,6,2,0.375,101.9,0,0,-7,1,49.96475149806133
31,20,409.54,6,0.82,4,8,3,45.69,3,1,6,5,0.3333333333333333,75.87166666666667,36,0,-9,0,0.1997369318458615
33,70,125.83,3,70.22,1,2,0,30.99,3,1,0,1,0.0,52.27333333333333,0,1,2,1,55.365449814712605
39,108,457.63,5,29.86,9,4,3,46.68,1,3,6,5,0.6,100.862,108,0,-7,1,6.510694895667532
62,22,630.25,3,12.3,10,10,4,44.64,2,2,0,5,0.36363636363636365,224.96333333333334,0,0,-10,0,1.9485148514851485
48,71,319.82,3,0.1,2,8,7,27.94,1,1,0,3,0.7777777777777778,115.92,0,0,-15,1,0.031170126550713797
23,80,1915.89,4,37.4,2,8,3,39.64,2,2,1,5,0.3333333333333333,488.88250000000005,12,0,-8,1,1.9510770049402937
69,71,314.04,5,36.04,4,7,4,13.07,3,2,8,4,0.5,65.422,80,0,-11,1,11.439817166074148
31,113,73.61,4,29.85,3,3,3,43.21,3,1,2,3,0.75,29.205,8,0,-9,1,40.008041817450746
19,109,204.54,6,31.81,9,5,1,27.54,2,1,9,3,0.16666666666666666,38.68,36,0,-4,1,15.476306315072492
23,107,1168.02,3,17.6,7,8,3,40.56,1,5,1,7,0.3333333333333333,402.85999999999996,40,0,-7,1,1.505534550307095
34,114,782.53,1,39.61,10,12,4,38.27,1,1,10,3,0.3076923076923077,820.8,40,0,-9,1,5.055326535040139
19,18,507.76,2,39.16,10,5,1,41.88,3,2,5,6,0.16666666666666666,274.82,70,0,-5,0,7.697146002044184
38,111,585.43,3,18.34,11,6,3,44.05,2,0,11,3,0.42857142857142855,209.82666666666663,0,0,-8,1,3.1273979844141673
44,100,335.96,4,12.24,1,7,2,37.07,3,2,9,5,0.25,93.2575,108,0,-7,1,3.632478632478633
19,47,308.64,4,22.93,4,2,3,47.16,3,3,3,7,1.0,88.94999999999999,72,0,-9,0,7.405373982689575
20,80,602.13,5,2.9,11,4,2,25.08,1,0,1,3,0.4,125.44200000000001,0,0,-5,1,0.4808250294298078
56,89,651.98,4,24.9,6,5,1,37.44,3,1,7,3,0.16666666666666666,172.35500000000002,28,0,-5,1,3.813286777542957
59,98,340.23,3,48.81,5,8,3,25.09,2,2,0,4,0.3333333333333333,121.77333333333333,0,0,-8,1,14.304135040881516
65,4,346.29,2,11.51,11,14,2,45.52,1,1,3,4,0.13333333333333333,195.905,15,0,-5,0,3.3142330617063545
21,103,526.18,4,38.15,9,2,1,41.84,1,0,11,6,0.3333333333333333,142.005,0,0,-3,1,7.236617474107517
43,73,438.94,2,102.66,5,7,2,4.34,3,0,6,2,0.25,221.64,0,0,-7,1,23.335000227303723
52,92,445.01,5,8.28,1,14,3,4.08,2,0,1,4,0.2,89.818,0,0,-8,1,1.8564606174749445
61,112,449.69,1,22.72,4,12,4,31.52,1,0,0,2,0.3076923076923077,481.21,0,0,-9,1,5.041159111584459
36,29,454.27,1,25.69,6,13,1,32.84,1,1,5,3,0.07142857142857142,487.11,20,0,-3,0,5.642805368243021
67,96,300.5,3,17.53,1,8,4,50.43,2,1,6,3,0.4444444444444444,116.97666666666667,24,0,-10,1,5.814262023217247
42,87,366.1,1,55.57,5,12,2,60.69,1,1,4,4,0.15384615384615385,426.79,20,0,-5,1,15.137564696268047
18,19,375.57,5,13.63,11,8,4,56.09,1,1,4,5,0.4444444444444444,86.332,24,0,-9,0,3.6195129723557375
64,37,26.05,5,11.62,3,3,2,47.26,3,2,5,4,0.5,14.662,50,0,-7,0,42.95748613678373
53,82,382.09,2,71.83,9,6,4,45.79,2,2,11,6,0.5714285714285714,213.94,154,0,-10,1,18.750163147041164
32,22,215.21,4,17.68,7,12,2,62.75,2,3,11,6,0.15384615384615385,69.49000000000001,231,0,-6,0,8.177235095508996
27,48,112.19,1,119.93,3,5,2,18.1,2,1,6,2,0.3333333333333333,130.29,18,0,-6,0,105.95458962805901
31,57,326.43,2,26.4,5,7,3,45.24,3,0,1,4,0.375,185.835,0,0,-9,0,8.062792047155117
30,73,725.38,1,47.8,7,6,5,40.9,1,0,2,2,0.7142857142857143,766.28,0,0,-11,1,6.580577659076516
28,47,255.69,3,4.34,10,4,3,45.43,2,4,0,8,0.6,100.37333333333333,0,0,-8,0,1.6907553858740112
22,32,192.77,6,27.24,11,11,2,31.48,3,4,1,6,0.16666666666666666,37.375,28,0,-7,0,14.057903700263196
48,105,264.11,2,5.37,10,11,3,35.01,3,1,10,7,0.25,149.56,80,0,-9,1,2.0255742899173925
56,74,475.08,3,7.77,11,7,1,19.23,2,0,1,2,0.125,164.77,0,0,-4,1,1.6320786422450009
39,92,280.49,4,53.47,11,5,1,19.68,2,1,11,5,0.16666666666666666,75.0425,66,0,-4,1,18.99534619347046
57,114,446.55,2,69.16,9,13,2,32.84,1,4,4,7,0.14285714285714285,239.695,128,0,-5,1,15.45302200871411
48,78,186.89,3,3.19,5,10,2,47.83,1,0,9,5,0.18181818181818182,78.24,0,0,-5,1,1.6978019053701634
55,27,324.24,5,4.0,1,12,1,38.73,2,3,8,6,0.07692307692307693,72.59400000000001,168,0,-4,0,1.2298610257040954
18,51,113.92,3,48.81,9,7,0,42.36,1,1,8,1,0.0,52.093333333333334,16,1,4,0,42.473024712843724
44,74,277.61,5,12.96,8,3,2,49.48,1,0,6,1,0.5,65.418,0,0,-5,1,4.651663615807043
24,11,1089.78,2,37.55,4,4,1,39.5,2,1,7,5,0.2,564.64,42,0,-4,0,3.4424906947322103
39,104,468.42,6,52.77,7,4,3,57.93,2,1,6,3,0.6,87.72500000000001,24,0,-8,1,11.241532103446806
40,22,540.24,3,50.89,2,13,3,62.74,2,4,3,10,0.21428571428571427,200.99333333333334,132,0,-8,0,9.402483186756337
34,79,377.55,5,26.08,2,12,4,16.02,2,1,2,5,0.3076923076923077,78.714,12,0,-10,1,6.889446572447497
47,37,245.24,6,12.29,8,3,3,31.88,2,0,8,3,0.75,46.18666666666667,0,0,-8,0,4.9910656270305385
18,16,212.56,1,17.78,7,9,1,60.49,1,0,0,1,0.1,273.05,0,0,-3,0,8.325529125304366
33,108,802.93,1,7.01,8,7,1,30.57,2,2,3,5,0.125,833.5,36,0,-4,1,0.8719664647419553
28,18,731.33,4,38.41,6,8,3,34.9,1,1,3,4,0.3333333333333333,191.5575,15,0,-7,0,5.2449032539975144
27,99,107.11,1,52.64,2,10,3,44.49,1,1,7,3,0.2727272727272727,151.6,28,0,-7,1,48.691147904911666
33,43,358.17,6,19.15,7,14,3,39.69,2,0,7,1,0.2,66.31,0,0,-8,0,5.331737060444914
29,58,525.95,5,9.27,6,11,0,47.18,1,1,1,4,0.0,114.626,5,1,4,0,1.759180187873612
30,95,102.76,5,15.82,2,13,2,27.34,3,2,7,5,0.14285714285714285,26.02,84,0,-7,1,15.246723207401697
40,86,172.68,1,39.48,2,10,1,29.51,1,2,6,6,0.09090909090909091,202.19,84,0,-3,1,22.731460156609852
33,87,233.41,2,36.64,2,14,6,43.03,3,1,2,3,0.4,138.22,8,0,-15,1,15.630732477283393
68,23,266.94,2,26.84,7,6,2,41.4,1,1,10,4,0.2857142857142857,154.17,50,0,-5,0,10.017168022691648
68,100,1043.98,5,22.48,8,7,3,46.3,1,0,4,3,0.375,218.05599999999998,0,0,-7,1,2.1512373442553927
69,53,198.64,2,24.32,5,3,3,57.25,2,3,5,8,0.75,127.945,135,0,-8,0,12.181927469445002
58,89,237.2,6,17.28,3,9,3,35.43,1,1,6,4,0.3,45.43833333333333,30,0,-7,1,7.254408060453402
53,117,574.41,5,60.26,3,8,1,32.03,1,2,2,3,0.1111111111111111,121.28799999999998,16,0,-3,1,10.472532628908084
60,87,294.96,5,31.05,11,2,1,20.47,2,1,8,3,0.3333333333333333,63.08599999999999,32,0,-4,1,10.491282605757537
27,69,321.48,5,63.64,3,12,1,25.76,1,2,8,5,0.07692307692307693,69.44800000000001,96,0,-3,1,19.734557181840735
44,51,711.9,5,80.08,11,10,1,42.64,2,3,8,6,0.09090909090909091,150.908,168,0,-4,0,11.232992004488707
45,60,621.41,5,66.09,3,4,3,46.54,3,3,10,6,0.6,133.58999999999997,210,0,-9,0,10.618402660625634
55,79,110.88,2,91.27,1,14,1,45.45,2,1,4,4,0.06666666666666667,78.16499999999999,20,0,-4,1,81.57847693957811
64,58,587.45,4,100.47,7,14,3,30.05,1,1,1,4,0.2,154.375,5,0,-7,0,17.073668111139433
35,1,509.15,4,43.33,3,7,0,13.4,2,2,4,4,0.0,130.6375,40,1,3,0,8.49358031951387
69,84,526.69,1,0.11,11,14,2,30.87,2,2,10,5,0.13333333333333333,557.5600000000001,120,0,-6,1,0.02084557221095719
34,81,402.73,2,43.73,10,3,0,26.84,2,0,8,1,0.0,214.785,0,1,3,1,10.831496297030192
32,12,234.09,3,4.68,10,6,5,56.03,3,1,6,3,0.7142857142857143,96.70666666666666,24,0,-13,0,1.9907269556340126
55,4,714.48,4,29.19,1,7,1,70.64,2,1,0,3,0.125,196.28,0,0,-4,0,4.079778610163806
65,42,325.39,2,23.91,4,4,0,31.52,1,0,11,1,0.0,178.45499999999998,0,1,4,0,7.325592083090782
44,53,855.72,5,95.94,6,6,1,35.42,3,2,9,4,0.14285714285714285,178.228,90,0,-5,0,11.198524605472032
33,63,245.88,5,19.49,5,8,0,50.74,2,2,11,3,0.0,59.324,88,1,3,1,7.8945236552171085
48,92,960.39,5,14.96,6,6,1,49.12,3,3,1,7,0.14285714285714285,201.902,24,0,-5,1,1.5560802587919575
18,5,276.35,4,1.92,4,10,2,38.63,1,1,2,6,0.18181818181818182,78.745,14,0,-5,0,0.6922660897782584
32,76,787.12,6,98.23,10,10,1,31.21,2,1,5,4,0.09090909090909091,136.38833333333335,25,0,-4,1,12.46383799421408
51,42,144.56,1,15.57,11,14,2,46.54,3,1,3,3,0.13333333333333333,191.1,12,0,-7,0,10.696619950535862
67,43,1048.14,4,5.75,6,10,4,42.07,1,1,7,3,0.36363636363636365,272.5525,28,0,-9,0,0.5480679413614961
65,81,212.06,2,20.22,4,14,1,23.25,2,1,6,2,0.06666666666666667,117.655,18,0,-4,1,9.490284426921994
21,20,364.59,2,24.54,8,3,7,25.51,3,1,6,3,1.75,195.04999999999998,24,0,-17,0,6.712437429907821
19,83,188.37,3,34.16,11,10,0,54.03,2,3,2,4,0.0,80.8,30,1,3,1,18.038760099276548
59,20,213.59,1,8.28,4,6,5,57.03,1,1,5,3,0.7142857142857143,270.62,20,0,-11,0,3.858520900321543
28,22,465.21,4,0.23,8,11,6,70.59,2,1,5,5,0.5,133.95,30,0,-14,0,0.049333991119881605
43,70,370.23,5,7.61,8,14,1,40.56,1,4,11,6,0.06666666666666667,82.158,308,0,-3,1,2.049942084422056
36,5,93.14,1,22.09,1,7,0,32.88,3,3,5,4,0.0,126.02000000000001,75,1,2,0,23.46505205013809
51,49,51.11,2,59.81,3,10,0,40.03,1,1,9,3,0.0,45.57,36,1,4,0,114.77643446555363
37,49,721.41,6,9.43,7,2,2,63.28,1,1,10,4,0.6666666666666666,130.78166666666667,50,0,-5,0,1.3053529159341648
56,20,321.25,4,18.22,3,6,3,62.65,3,1,6,4,0.42857142857142855,95.975,30,0,-9,0,5.653995345228859
33,57,759.72,4,0.69,8,10,2,32.56,3,3,3,5,0.18181818181818182,198.07,54,0,-7,0,0.090703544010937
18,61,1000.58,6,40.24,4,10,1,36.9,1,2,8,6,0.09090909090909091,172.91333333333333,112,0,-3,1,4.017652109666726
47,57,145.44,1,22.4,11,8,3,47.93,1,4,6,7,0.3333333333333333,193.37,192,0,-7,0,15.296367112810708
59,48,572.01,6,14.77,1,10,1,32.66,2,0,9,1,0.09090909090909091,100.77833333333332,0,0,-4,0,2.5776164464843547
23,35,542.55,3,93.08,9,11,2,29.2,3,2,0,6,0.16666666666666666,190.58333333333334,0,0,-7,0,17.124459571336583
24,43,881.02,6,29.34,11,8,4,42.09,3,1,8,3,0.4444444444444444,153.85166666666666,32,0,-11,0,3.3264551824221673
34,90,111.53,4,40.19,9,8,3,28.38,3,1,2,3,0.3333333333333333,34.9775,8,0,-9,1,35.7149204656536
62,101,495.79,6,19.17,11,8,3,20.88,2,4,10,7,0.3333333333333333,86.11166666666668,320,0,-8,1,3.8587733247448623
54,33,213.36,5,48.83,1,5,1,30.73,3,0,11,2,0.16666666666666666,48.818,0,0,-5,0,22.779436462026496
39,3,220.26,2,2.95,6,4,2,34.64,2,3,10,7,0.4,127.44999999999999,240,0,-6,0,1.3332730724035073
24,28,1328.4,1,6.51,5,7,0,38.42,2,0,6,2,0.0,1366.8200000000002,0,1,3,0,0.4896945990672483
34,38,1094.1,4,16.76,11,8,3,26.51,3,1,4,5,0.3333333333333333,280.1525,24,0,-9,0,1.5304538398319791
56,93,751.01,1,20.08,5,6,2,50.99,3,1,0,5,0.2857142857142857,802.0,0,0,-7,1,2.67017725828114
48,62,692.96,1,23.98,9,10,3,3.43,3,1,5,5,0.2727272727272727,696.39,30,0,-9,1,3.455530578131304
45,9,220.56,4,21.78,2,2,2,42.22,2,0,3,2,0.6666666666666666,65.695,0,0,-6,0,9.830294276945297
51,75,429.31,4,50.38,6,12,1,40.03,1,1,11,3,0.07692307692307693,117.33500000000001,44,0,-3,1,11.707838535009644
39,6,220.55,1,25.34,1,5,5,40.3,2,1,8,4,0.8333333333333334,260.85,40,0,-12,0,11.437598736176934
18,84,402.31,6,2.49,5,14,2,32.59,3,2,4,4,0.13333333333333333,72.48333333333333,40,0,-7,1,0.6173910887406711
38,26,323.22,6,48.95,9,13,0,22.17,2,1,6,1,0.0,57.565000000000005,12,1,3,0,15.097773117019308
40,41,339.39,3,35.53,3,11,4,57.96,1,5,5,7,0.3333333333333333,132.45,200,0,-9,0,10.438026969064897
21,4,68.73,6,39.5,11,9,2,45.93,3,2,5,5,0.2,19.11,60,0,-7,0,56.64706725942923
50,105,512.99,4,8.36,1,7,3,66.01,2,1,7,5,0.375,144.75,42,0,-8,1,1.6264907877585166
32,102,153.6,2,11.98,3,10,1,37.16,3,1,9,8,0.09090909090909091,95.38,81,0,-5,1,7.7490297542043995
41,80,420.4,4,23.1,7,4,7,19.06,2,1,0,4,1.4,109.865,0,0,-16,1,5.481727574750831
65,60,219.5,4,40.8,10,13,3,25.12,1,1,4,3,0.21428571428571427,61.155,16,0,-7,0,18.503401360544217
57,15,518.25,2,30.71,10,12,2,20.98,1,0,6,4,0.15384615384615385,269.615,0,0,-5,0,5.914299470389986
38,98,203.27,3,38.32,7,12,4,51.35,3,1,2,5,0.3076923076923077,84.87333333333333,12,0,-11,1,18.759484995349293
63,84,441.76,6,20.35,4,6,2,19.05,3,0,8,3,0.2857142857142857,76.80166666666666,0,0,-7,1,4.596169482338062
38,11,114.59,2,1.45,11,12,0,38.63,2,0,4,0,0.0,76.61,0,1,3,0,1.2544337745479712
30,88,96.59,4,0.86,7,6,1,20.04,2,1,1,4,0.14285714285714285,29.1575,5,0,-4,1,0.8812378317450558
45,26,144.9,2,31.47,9,13,2,30.39,1,1,11,4,0.14285714285714285,87.64500000000001,55,0,-5,0,21.569568197395476
32,74,553.97,3,10.81,10,10,3,17.59,3,2,0,5,0.2727272727272727,190.52,0,0,-9,1,1.9478530371011045
58,112,608.02,3,32.03,5,6,0,49.61,3,4,1,10,0.0,219.21,44,1,2,1,5.259268989524154
41,76,157.4,4,43.98,1,3,1,64.8,2,2,1,5,0.25,55.55,12,0,-4,1,27.765151515151516
59,73,732.03,4,5.86,6,6,0,25.16,1,4,7,8,0.0,189.29749999999999,252,1,4,1,0.7994215789258284
65,8,357.25,4,4.83,10,12,2,41.41,3,3,11,6,0.15384615384615385,99.66499999999999,231,0,-7,0,1.3482205163991627
26,46,512.0,5,34.04,10,2,3,69.43,3,4,8,6,1.0,116.28600000000002,224,0,-9,0,6.635477582846004
20,117,811.98,6,45.07,2,2,2,36.62,1,0,5,5,0.6666666666666666,141.43333333333334,0,0,-5,1,5.5438018155428175
23,76,459.81,2,35.71,8,2,1,17.47,2,0,7,3,0.3333333333333333,238.64,0,0,-4,1,7.74939779952692
23,110,453.33,5,129.59,8,2,2,42.95,1,2,7,5,0.6666666666666666,99.256,84,0,-5,1,28.523320053705458
26,114,450.74,1,9.09,3,5,2,51.34,1,1,0,5,0.3333333333333333,502.08000000000004,0,0,-5,1,2.0122194182494355
29,118,877.54,5,20.54,3,2,3,59.17,1,2,7,5,1.0,187.34199999999998,84,0,-7,1,2.337969813554306
62,28,525.01,1,20.25,3,5,2,61.92,1,3,10,5,0.3333333333333333,586.93,180,0,-5,0,3.8497366970209694
60,42,96.41,1,81.15,10,5,1,48.83,2,2,8,4,0.16666666666666666,145.24,80,0,-4,0,83.3076686171851
26,114,289.45,3,7.09,5,6,2,35.55,3,1,3,4,0.2857142857142857,108.33333333333333,15,0,-7,1,2.44103976588053
55,2,696.22,3,111.88,6,14,1,40.51,1,2,3,6,0.06666666666666667,245.57666666666668,42,0,-3,0,16.046585009035887
26,71,188.01,4,9.4,6,6,1,25.55,3,1,10,2,0.14285714285714285,53.39,30,0,-5,1,4.973281836939845
19,57,602.2,2,6.77,10,13,2,51.97,3,2,11,4,0.14285714285714285,327.08500000000004,110,0,-7,0,1.1223474801061006
34,119,489.49,6,8.44,3,3,3,24.72,2,2,2,4,0.75,85.70166666666667,20,0,-8,1,1.7207282513404962
40,95,273.36,1,40.02,11,6,2,20.87,3,1,3,2,0.2857142857142857,294.23,9,0,-7,1,14.586674442338534
58,26,414.43,2,35.55,6,11,0,32.31,1,1,10,1,0.0,223.37,20,1,4,0,8.557398358327516
67,32,411.16,4,7.72,2,2,2,41.54,2,2,10,5,0.6666666666666666,113.17500000000001,120,0,-6,0,1.87305900621118
50,10,345.45,5,37.84,3,12,2,32.45,1,2,3,5,0.15384615384615385,75.58,36,0,-5,0,10.922210997257903
59,72,340.91,5,32.07,9,10,3,33.67,2,2,7,5,0.2727272727272727,74.91600000000001,84,0,-8,1,9.379661314380977
59,24,48.24,6,15.61,9,13,3,34.29,3,1,8,3,0.21428571428571427,13.755,32,0,-9,0,31.70186839967506
51,48,596.5,6,41.61,4,10,1,31.28,3,3,7,7,0.09090909090909091,104.63,168,0,-5,0,6.964016736401674
48,118,87.65,1,42.86,9,2,1,29.91,3,1,9,3,0.3333333333333333,117.56,36,0,-5,1,48.34743372814438
53,31,685.38,2,17.01,10,7,2,39.49,2,1,6,6,0.25,362.435,42,0,-6,0,2.478219062326991
60,113,511.9,5,33.07,2,2,1,32.63,2,1,1,2,0.3333333333333333,108.90599999999999,3,0,-4,1,6.4476506141548064
46,22,337.65,1,21.17,3,5,3,21.26,3,1,1,3,0.5,358.90999999999997,4,0,-9,0,6.251291894286137
26,104,455.29,6,3.5,6,6,1,41.01,3,2,4,4,0.14285714285714285,82.71666666666667,40,0,-5,1,0.767056038922615
50,103,223.1,6,12.28,10,14,1,54.77,2,4,10,7,0.06666666666666667,46.31166666666667,320,0,-4,1,5.4796965640339135
29,20,378.44,3,17.91,5,4,2,51.37,2,0,8,4,0.4,143.27,0,0,-6,0,4.72011385199241
57,49,168.11,6,16.51,6,14,2,53.71,1,0,5,3,0.13333333333333333,36.970000000000006,0,0,-5,0,9.762876234403643
68,18,78.13,1,60.98,7,7,3,22.33,2,3,7,5,0.375,100.46,126,0,-8,0,77.06306078604828
47,2,468.18,5,31.94,8,5,3,47.9,3,2,5,5,0.5,103.21600000000001,60,0,-9,0,6.807621808261222
32,97,217.15,3,22.53,8,2,6,30.65,3,3,3,6,2.0,82.60000000000001,63,0,-15,1,10.327756131102452
55,82,621.1,2,53.62,10,2,1,37.52,2,1,5,3,0.3333333333333333,329.31,20,0,-4,1,8.619193055778814
64,12,344.26,5,26.39,10,8,4,34.14,2,4,7,7,0.4444444444444444,75.67999999999999,224,0,-10,0,7.643515032149685
33,21,705.61,3,9.24,3,5,2,21.15,1,2,8,6,0.3333333333333333,242.25333333333333,112,0,-5,0,1.3076520287004147
26,117,649.44,3,4.71,7,2,2,42.08,1,1,11,3,0.6666666666666666,230.5066666666667,44,0,-5,1,0.724125207551811
50,108,45.74,6,22.62,8,9,0,34.54,2,0,3,1,0.0,13.38,0,1,3,1,48.39537869062901
45,111,670.27,4,40.0,11,6,1,21.28,3,1,4,4,0.14285714285714285,172.8875,20,0,-5,1,5.958854112354194
68,118,352.41,6,46.65,2,2,2,29.6,1,2,11,4,0.6666666666666666,63.668333333333344,110,0,-5,1,13.19996604510342
67,57,240.42,5,33.38,4,4,1,53.53,1,2,8,5,0.2,58.79,96,0,-3,0,13.826526385552151
68,88,120.15,2,0.52,8,14,1,62.59,3,0,5,1,0.06666666666666667,91.37,0,0,-5,1,0.4292199752373091
36,7,859.15,2,67.46,5,5,3,32.79,2,6,10,10,0.5,445.96999999999997,660,0,-8,0,7.842818113119804
25,34,372.06,2,1.21,10,11,1,35.07,1,0,10,1,0.08333333333333333,203.565,0,0,-3,0,0.3243446094462017
44,48,206.81,4,53.71,3,7,1,33.61,3,3,11,7,0.125,60.105000000000004,264,0,-5,0,25.84572445984313
19,78,654.84,5,11.22,11,2,2,43.85,3,2,7,4,0.6666666666666666,139.738,70,0,-7,1,1.710783117833618
66,13,162.0,5,20.57,7,2,2,58.27,1,2,4,4,0.6666666666666666,44.054,40,0,-5,0,12.619631901840492
63,85,708.67,6,57.14,6,6,1,53.31,3,0,7,2,0.14285714285714285,126.99666666666667,0,0,-5,1,8.051629630673412
48,66,399.94,3,12.48,7,4,0,32.3,1,2,0,3,0.0,144.08,0,1,4,1,3.112685189803961
51,80,147.18,6,37.87,11,14,2,21.69,2,2,7,4,0.13333333333333333,28.145,70,0,-6,1,25.556755297611012
51,96,615.81,6,11.41,2,14,3,28.96,2,1,2,3,0.2,107.46166666666666,8,0,-8,1,1.8498403073880128
58,33,461.42,3,27.91,3,4,6,45.25,2,1,0,5,1.2,168.89000000000001,0,0,-14,0,6.035638596946499
54,34,149.63,5,70.5,10,14,4,17.88,2,3,11,6,0.26666666666666666,33.501999999999995,231,0,-10,0,46.80342561242781
40,37,180.12,3,7.45,6,6,2,14.12,1,2,5,6,0.2857142857142857,64.74666666666667,70,0,-5,0,4.113295053003534
69,100,143.09,3,8.05,7,11,2,29.36,3,0,3,2,0.16666666666666666,57.48333333333333,0,0,-7,1,5.586786036504963
37,53,268.01,5,9.27,6,4,3,46.55,1,1,3,3,0.6,62.912,12,0,-7,0,3.445968551354968
19,83,122.65,3,13.89,4,2,2,29.02,2,2,7,7,0.6666666666666666,50.55666666666667,112,0,-6,1,11.23331985442782
47,106,196.19,2,8.38,2,12,0,32.48,1,1,8,4,0.0,114.335,40,1,4,1,4.249708403063036
26,1,196.28,4,16.38,7,12,3,23.0,1,1,11,4,0.23076923076923078,54.82,55,0,-7,0,8.302919708029197
41,76,217.9,5,9.85,5,9,3,21.86,3,0,6,4,0.3,47.952,0,0,-9,1,4.499771585198721
59,80,155.11,5,20.98,2,6,3,24.02,2,0,5,2,0.42857142857142855,35.82600000000001,0,0,-8,1,13.43924156043815
63,68,80.5,1,1.34,7,10,1,18.04,2,1,9,2,0.09090909090909091,98.53999999999999,27,0,-4,1,1.6441717791411041
32,71,350.01,2,14.61,9,6,2,35.32,1,2,9,4,0.2857142857142857,192.665,90,0,-5,1,4.162274579071822
18,23,232.63,6,6.27,2,3,3,52.6,1,3,4,6,0.75,47.538333333333334,84,0,-7,0,2.683730685271583
59,37,43.03,6,9.33,9,10,2,33.01,1,3,2,4,0.18181818181818182,12.673333333333332,30,0,-5,0,21.190097660685893
66,108,479.82,1,7.02,5,12,0,15.18,2,2,10,3,0.0,495.0,80,1,3,1,1.4600058233850504
49,8,350.65,4,29.65,9,14,1,42.95,3,4,8,6,0.06666666666666667,98.39999999999999,224,0,-5,0,8.431679226503626
28,21,644.59,5,48.61,7,9,0,22.86,2,1,8,1,0.0,133.49,16,1,3,0,7.529546616273485
63,7,710.01,4,1.14,11,11,2,33.22,3,0,9,1,0.16666666666666666,185.8075,0,0,-7,0,0.16033529767513818
58,20,315.96,3,2.24,10,11,1,32.44,1,1,7,5,0.08333333333333333,116.13333333333333,42,0,-3,0,0.7067137809187279
43,25,502.31,2,19.56,5,7,3,40.43,3,3,1,6,0.375,271.37,21,0,-9,0,3.88627287357692
18,70,167.65,6,69.74,11,11,2,58.51,3,1,5,4,0.16666666666666666,37.693333333333335,25,0,-7,1,41.35191224429291
24,11,128.93,5,23.99,1,3,3,39.89,2,0,8,2,0.75,33.763999999999996,0,0,-8,0,18.463788193642728
23,11,716.94,2,47.16,6,10,2,48.38,1,0,3,4,0.18181818181818182,382.66,0,0,-5,0,6.5687940496420305
21,87,92.04,5,79.35,1,7,3,10.23,1,4,11,7,0.375,20.454,352,0,-7,1,85.28589853826311
32,15,361.59,2,23.33,3,12,4,38.25,2,3,6,6,0.3076923076923077,199.92,126,0,-10,0,6.434264596376073
32,26,555.84,2,28.78,1,13,3,40.1,3,0,3,3,0.21428571428571427,297.97,0,0,-9,0,5.168450542346096
57,86,337.52,2,0.11,2,13,2,35.95,3,1,2,3,0.14285714285714285,186.73499999999999,8,0,-7,1,0.03249438733309701
68,19,383.83,5,6.21,7,9,1,45.92,1,1,2,3,0.1,85.95,8,0,-3,0,1.6136995556479485
38,110,568.47,4,52.27,6,5,0,32.77,1,0,8,0,0.0,150.31,0,1,4,1,9.178710028623106
43,84,174.71,3,11.93,2,12,3,7.18,1,1,5,3,0.23076923076923078,60.63,20,0,-7,1,6.789596494223436
63,16,825.63,4,19.12,2,5,3,33.98,2,1,10,3,0.5,214.9025,40,0,-8,0,2.3130058188064795
35,84,155.1,5,27.87,6,11,3,35.1,1,3,5,5,0.25,38.04,90,0,-7,1,17.853939782190906
21,56,635.34,3,8.93,10,9,2,37.2,3,0,9,3,0.2,224.18000000000004,0,0,-7,0,1.4033378382625639
65,111,202.92,6,59.14,1,11,3,22.38,3,2,1,6,0.25,37.55,14,0,-9,1,29.00156924284033
37,21,401.34,3,18.68,4,12,3,51.28,3,1,0,5,0.23076923076923078,150.87333333333333,0,0,-9,0,4.64283938957101
21,11,469.05,1,15.06,2,4,1,55.83,1,1,0,3,0.2,524.88,0,0,-3,0,3.2039144771832784
64,29,224.25,3,24.15,1,8,2,45.8,3,4,9,8,0.2222222222222222,90.01666666666667,324,0,-7,0,10.72142064372919
25,17,181.95,3,23.26,11,10,2,36.43,1,1,1,5,0.18181818181818182,72.79333333333334,6,0,-5,0,12.713856244875652
52,59,383.99,2,11.63,4,9,1,49.46,3,0,4,1,0.1,216.725,0,0,-5,0,3.020857684615185
61,24,366.3,2,32.98,10,2,1,40.74,3,2,7,5,0.3333333333333333,203.52,84,0,-5,0,8.97903621018241
24,25,432.46,2,19.32,10,9,4,45.81,1,2,8,4,0.4,239.135,80,0,-9,0,4.4571586766945055
64,115,1100.24,2,6.44,10,14,3,33.88,3,4,8,7,0.2,567.0600000000001,256,0,-9,1,0.584795321637427
62,54,672.01,6,21.47,1,4,1,27.38,2,0,1,2,0.2,116.565,0,0,-4,0,3.190145763064442
67,111,422.86,5,33.25,3,14,2,43.08,1,1,8,4,0.13333333333333333,93.188,40,0,-5,1,7.844571320719106
44,38,275.71,2,44.99,1,5,2,28.46,2,3,2,6,0.3333333333333333,152.08499999999998,42,0,-6,0,16.258899208557697
67,6,752.2,2,86.4,5,13,4,37.27,1,2,1,4,0.2857142857142857,394.735,10,0,-9,0,11.471056824216676
23,61,150.01,5,16.9,2,3,2,32.64,1,2,0,4,0.5,36.529999999999994,0,0,-5,1,11.1913118336534
56,75,152.23,2,0.44,8,8,0,41.72,2,3,8,5,0.0,96.975,144,1,3,1,0.2871500358937545
56,60,418.61,3,13.11,2,8,2,33.62,2,4,8,6,0.2222222222222222,150.74333333333334,224,0,-6,0,3.1243297347536996
41,5,853.88,1,35.43,2,7,1,31.06,2,3,4,7,0.125,884.9399999999999,96,0,-4,0,4.14444132509826
52,45,197.76,1,7.91,7,14,2,44.67,3,1,5,3,0.13333333333333333,242.43,20,0,-7,0,3.97967397866774
41,77,471.91,6,67.89,5,13,0,42.32,1,2,3,2,0.0,85.705,18,1,4,1,14.355797086126323
56,12,270.95,3,15.04,1,12,5,49.38,3,0,8,2,0.38461538461538464,106.77666666666666,0,0,-13,0,5.530428387571245
45,112,300.88,2,28.88,11,7,4,39.72,2,1,0,3,0.5,170.3,0,0,-10,1,9.56671525109315
58,81,154.68,5,66.43,7,12,4,29.59,1,1,1,4,0.3076923076923077,36.854,5,0,-9,1,42.67086330935252
36,99,685.66,3,18.51,3,14,4,42.81,3,2,0,5,0.26666666666666666,242.82333333333335,0,0,-11,1,2.695657239390674
69,70,893.62,2,2.97,8,4,1,51.42,1,1,3,2,0.2,472.52,9,0,-3,1,0.3319845297444725
53,117,416.24,6,32.2,4,3,1,43.04,1,1,6,7,0.25,76.54666666666667,48,0,-3,1,7.717380883903749
59,59,191.56,1,2.93,3,9,3,40.13,2,2,9,8,0.3,231.69,162,0,-8,0,1.5216036560033237
69,78,1471.44,4,14.66,8,7,3,42.78,3,3,3,6,0.375,378.555,63,0,-9,1,0.9956263073537801
23,20,370.76,6,15.12,2,10,1,28.55,3,1,8,2,0.09090909090909091,66.55166666666666,24,0,-5,0,4.0671400903808905
21,80,301.56,2,23.06,10,3,0,32.81,1,1,3,4,0.0,167.185,15,1,4,1,7.6216287678476995
67,81,568.61,3,42.19,4,11,1,46.85,2,4,9,7,0.08333333333333333,205.15333333333334,288,0,-4,1,7.406822211688699
20,32,112.32,3,9.94,1,13,0,27.56,1,3,10,4,0.0,46.626666666666665,150,1,4,0,8.77162019061066
65,43,1410.34,1,87.38,10,5,2,41.69,1,3,3,5,0.3333333333333333,1452.03,54,0,-5,0,6.1912792098289575
69,105,466.79,6,0.55,2,9,3,33.27,2,1,9,3,0.3,83.34333333333333,36,0,-8,1,0.11757412514162338
50,22,285.35,6,54.68,7,10,1,37.26,1,1,3,5,0.09090909090909091,53.76833333333334,18,0,-3,0,19.095512484721493
66,51,137.59,1,7.86,1,9,1,40.4,2,1,6,3,0.1,177.99,24,0,-4,0,5.671404863265748
52,96,626.91,5,82.54,1,12,2,55.81,2,3,7,6,0.15384615384615385,136.544,147,0,-6,1,13.14519596757497
67,14,496.05,1,1.38,2,3,2,37.12,1,2,4,4,0.5,533.17,40,0,-5,0,0.277638064581028
38,61,148.53,5,12.96,3,8,1,30.31,1,3,11,6,0.1111111111111111,35.768,231,0,-3,1,8.667157092222297
25,39,1013.75,1,47.75,10,8,2,14.48,1,1,1,2,0.2222222222222222,1028.23,3,0,-5,0,4.705592510470559
37,113,310.47,6,20.03,5,12,2,32.04,1,2,3,5,0.15384615384615385,57.08500000000001,36,0,-5,1,6.430795903297268
61,55,816.09,3,14.98,11,3,3,49.61,2,3,5,5,0.75,288.56666666666666,90,0,-8,0,1.8333353730923156
57,14,140.51,5,70.64,1,4,2,48.62,2,2,4,6,0.4,37.826,56,0,-6,0,49.9187336583987
59,80,427.38,2,11.99,9,12,4,33.5,1,2,11,4,0.3076923076923077,230.44,110,0,-9,1,2.7989168495261216
45,60,138.4,4,7.14,11,8,2,34.64,1,0,7,1,0.2222222222222222,43.260000000000005,0,0,-5,0,5.121951219512195
43,48,660.74,1,37.11,4,10,6,34.89,2,0,7,2,0.5454545454545454,695.63,0,0,-14,0,5.607942696527337
63,94,561.21,1,4.34,9,8,0,39.86,1,2,3,4,0.0,601.07,30,1,4,1,0.771953540491987
23,9,481.75,2,68.52,8,11,4,31.16,3,1,5,6,0.3333333333333333,256.455,35,0,-11,0,14.19368203003625
31,108,544.72,4,13.02,3,12,4,40.15,3,1,0,3,0.3076923076923077,146.2175,0,0,-11,1,2.3858388917393536
23,40,307.57,5,13.19,5,12,0,54.67,1,3,1,3,0.0,72.44800000000001,12,1,4,0,4.274556826651975
64,42,370.7,6,28.14,6,3,3,58.91,3,1,9,5,0.75,71.60166666666667,54,0,-9,0,7.5706214689265545
65,95,219.11,3,27.38,5,9,1,20.5,2,0,8,5,0.1,79.87,0,0,-4,1,12.43923492799055
64,35,327.51,3,15.55,8,8,2,32.65,1,1,2,2,0.2222222222222222,120.05333333333333,6,0,-5,0,4.7334936531612435
37,21,465.89,5,52.43,6,6,1,41.31,2,0,0,4,0.14285714285714285,101.44,0,0,-4,0,11.229625821928076
35,83,376.29,3,4.28,3,14,1,28.7,2,3,11,6,0.06666666666666667,134.99666666666667,231,0,-4,1,1.1344058946698825
37,64,927.01,4,2.17,7,7,5,20.32,1,2,9,4,0.625,236.8325,90,0,-11,1,0.23383368713699204
24,35,68.85,1,140.73,9,13,0,43.23,3,0,4,1,0.0,112.07999999999998,0,1,2,0,201.47458840372227
20,80,445.99,4,1.42,9,6,4,37.85,3,2,6,4,0.5714285714285714,120.96000000000001,60,0,-11,1,0.3176804850220363
62,78,619.85,6,14.22,9,5,3,72.67,3,3,10,7,0.5,115.42,240,0,-9,1,2.290408311186277
69,93,110.52,2,181.97,4,5,2,56.5,3,3,2,5,0.3333333333333333,83.50999999999999,36,0,-7,1,163.17252510760403
27,17,194.67,6,10.81,3,9,1,19.84,2,0,8,4,0.1,35.751666666666665,0,0,-4,0,5.524607757959831
48,47,245.86,2,13.17,5,9,0,21.03,1,1,2,3,0.0,133.445,8,1,4,0,5.335007696670177
45,15,819.32,5,26.25,6,5,1,42.99,1,4,3,7,0.16666666666666666,172.46200000000002,96,0,-3,0,3.199970743124634
41,33,1101.33,2,6.35,7,3,2,27.81,1,4,4,6,0.5,564.5699999999999,112,0,-5,0,0.5760525432492992
56,89,190.15,2,14.92,8,11,2,36.73,1,3,1,4,0.16666666666666666,113.44,15,0,-5,1,7.805388438399162
49,105,297.92,1,4.48,7,4,1,27.89,3,1,11,5,0.2,325.81,66,0,-5,1,1.4987287568580223
45,74,239.69,6,59.64,9,12,3,33.4,3,1,2,3,0.23076923076923078,45.51499999999999,8,0,-9,1,24.778761061946902
67,66,222.92,6,17.1,7,9,2,45.11,1,2,0,5,0.2,44.67166666666666,0,0,-5,1,7.636655948553056
54,86,389.97,2,0.12,5,3,4,29.93,2,3,5,6,1.0,209.95000000000002,105,0,-10,1,0.030692892037752256
60,26,278.11,6,29.09,2,6,4,32.46,3,2,1,6,0.5714285714285714,51.76166666666666,14,0,-11,0,10.422414101966966
69,96,262.47,1,28.2,5,2,2,31.43,2,1,3,3,0.6666666666666666,293.90000000000003,12,0,-6,1,10.703305879227235
23,72,667.41,4,13.65,10,6,3,60.1,3,0,11,2,0.42857142857142855,181.8775,0,0,-9,1,2.042159752247872
66,77,978.28,2,2.27,1,4,3,31.69,1,0,1,3,0.6,504.985,0,0,-7,1,0.23180295727473244
22,46,192.35,1,49.56,9,3,1,60.51,1,1,7,2,0.25,252.85999999999999,21,0,-3,0,25.63227307990691
52,45,339.28,5,13.64,8,3,4,6.13,3,4,6,6,1.0,69.082,168,0,-11,0,4.00846361819678
67,30,201.89,1,28.45,4,7,0,26.2,3,1,10,1,0.0,228.08999999999997,20,1,2,0,14.022376657301988
29,104,148.15,1,21.21,4,3,1,47.81,3,0,2,4,0.25,195.96,0,0,-5,1,14.220583305397252
28,115,208.24,3,1.81,6,4,3,5.93,1,4,10,8,0.6,71.39,360,0,-7,1,0.8650353660867903
63,24,572.71,1,45.7,6,11,2,35.3,3,3,3,7,0.16666666666666666,608.01,72,0,-7,0,7.965696954907532
18,13,533.08,2,16.95,3,3,2,44.3,2,1,6,3,0.5,288.69,24,0,-6,0,3.1736818454164166
61,61,737.46,3,8.36,7,10,1,27.88,1,1,8,3,0.09090909090909091,255.11333333333334,32,0,-3,1,1.1320856918451911
46,95,203.81,6,27.65,7,5,2,26.61,2,0,3,4,0.3333333333333333,38.403333333333336,0,0,-6,1,13.500317367316047
54,48,229.26,6,39.0,7,2,0,44.62,1,5,1,9,0.0,45.64666666666667,50,1,4,0,16.937375141144795
38,101,592.09,1,69.36,1,6,1,38.76,3,3,11,5,0.14285714285714285,630.85,198,0,-5,1,11.69468377480652
34,13,1036.63,6,34.79,6,3,3,45.96,1,0,5,3,0.75,180.4316666666667,0,0,-7,0,3.3528328980465094
36,109,285.91,4,82.01,3,5,1,34.0,1,7,9,11,0.16666666666666666,79.9775,756,0,-3,1,28.58387647694399
65,6,348.48,3,123.3,6,14,2,46.72,3,1,7,2,0.13333333333333333,131.73333333333335,21,0,-7,0,35.280988897791
69,47,270.58,1,0.39,11,14,5,36.89,3,0,7,1,0.3333333333333333,307.46999999999997,0,0,-13,0,0.14360409455777304
32,73,676.14,1,68.44,4,11,2,43.14,1,1,8,2,0.16666666666666666,719.28,24,0,-5,1,10.107215642260094
29,118,433.61,4,17.2,11,11,6,45.03,2,0,4,4,0.5,119.66,0,0,-14,1,3.957571155748832
49,10,129.61,4,2.72,1,12,2,47.23,1,3,2,7,0.15384615384615385,44.21,48,0,-5,0,2.0825357935839524
20,74,278.49,6,26.36,9,2,3,49.74,1,2,2,4,1.0,54.705000000000005,20,0,-7,1,9.431464453111023
55,95,579.14,1,42.46,9,6,1,30.62,2,2,8,4,0.14285714285714285,609.76,80,0,-4,1,7.318923018581722
38,71,479.29,3,16.0,6,14,1,45.69,3,0,10,3,0.06666666666666667,174.99333333333334,0,0,-5,1,3.3313206604343204
20,27,327.13,6,33.91,7,13,1,65.46,1,2,9,4,0.07142857142857142,65.43166666666666,90,0,-3,0,10.334318715143386
69,3,197.86,4,30.33,5,3,5,37.07,2,0,8,4,1.25,58.7325,0,0,-12,0,15.251936035401789
59,64,609.0,2,31.27,7,2,1,35.11,2,2,6,5,0.3333333333333333,322.055,72,0,-4,1,5.126229508196721
65,80,202.58,6,18.92,8,14,3,26.1,1,3,7,5,0.2,38.11333333333334,126,0,-7,1,9.293643776402398
67,117,496.5,5,36.04,9,2,2,26.77,1,0,8,1,0.6666666666666666,104.654,0,0,-5,1,7.244221105527639
21,46,166.63,2,53.43,9,8,4,35.3,1,0,6,6,0.4444444444444444,100.965,0,0,-9,0,31.873769611644693
21,48,396.59,6,230.33,2,6,0,26.18,2,5,5,9,0.0,70.46166666666666,250,1,3,0,57.93153751351896
69,88,90.76,6,4.81,6,6,2,47.02,2,1,11,3,0.2857142857142857,22.963333333333335,44,0,-6,1,5.241935483870967
44,39,70.87,6,16.05,6,4,3,22.09,1,1,11,5,0.6,15.493333333333334,66,0,-7,0,22.331988312230415
61,101,669.42,6,3.74,7,7,1,56.54,3,2,0,3,0.125,120.99333333333333,0,0,-5,1,0.5578592524089377
44,67,237.97,4,8.39,6,14,3,30.49,2,1,2,5,0.2,67.115,12,0,-8,1,3.5109009499100305
50,85,263.38,1,0.28,6,9,2,38.38,1,2,5,5,0.2,301.76,60,0,-5,1,0.10590816249338075
46,75,319.81,4,23.55,2,5,3,37.66,1,2,2,4,0.5,89.3675,20,0,-7,1,7.340793616159097
43,19,1197.2,5,36.42,10,2,3,31.84,2,4,1,7,1.0,245.808,32,0,-8,0,3.039559339008513
63,100,546.92,3,8.39,2,7,2,44.55,2,2,3,5,0.25,197.15666666666664,36,0,-6,1,1.5312454372901156
20,74,507.91,6,6.15,3,9,3,36.67,3,1,7,5,0.3,90.76333333333334,42,0,-9,1,1.2084651510090192
24,108,683.42,3,71.66,10,8,3,29.28,2,0,10,2,0.3333333333333333,237.56666666666663,0,0,-8,1,10.470179129774115
64,67,142.52,2,138.9,5,2,1,31.06,2,1,0,4,0.3333333333333333,86.79,0,0,-4,1,96.7809364548495
20,88,391.66,4,22.93,1,12,2,25.72,2,1,11,4,0.15384615384615385,104.345,55,0,-6,1,5.839657719146335
38,113,329.93,4,3.31,7,7,0,38.85,3,2,9,2,0.0,92.19500000000001,54,1,2,1,1.0002115250959418
40,60,251.26,3,31.4,4,5,4,61.84,3,3,4,6,0.6666666666666666,104.36666666666667,84,0,-11,0,12.447474827558867
35,24,93.9,6,27.22,10,10,3,34.65,3,3,8,5,0.2727272727272727,21.425,144,0,-9,0,28.682824025289776
29,89,1196.04,1,11.73,9,13,2,51.78,2,0,4,2,0.14285714285714285,1247.82,0,0,-6,1,0.9799171289179978
63,87,1023.52,4,85.92,1,12,2,50.66,2,4,4,7,0.15384615384615385,268.545,128,0,-6,1,8.386366298364113
24,96,1086.46,4,17.79,3,2,1,27.11,1,0,0,2,0.3333333333333333,278.3925,0,0,-3,1,1.6359222408180532
54,7,681.77,3,22.47,3,12,1,40.11,2,2,6,6,0.07692307692307693,240.62666666666667,84,0,-4,0,3.2910057559646733
18,73,1024.58,1,48.36,9,9,1,16.98,1,0,11,3,0.1,1041.56,0,0,-3,1,4.715380565143627
42,51,711.66,5,61.1,5,7,4,30.14,3,1,6,4,0.5,148.35999999999999,30,0,-11,0,8.573513316307919
20,15,529.48,4,19.48,5,8,3,44.32,1,1,4,7,0.3333333333333333,143.45000000000002,32,0,-7,0,3.672145980998341
47,104,424.64,1,43.43,1,10,3,32.97,2,0,2,1,0.2727272727272727,457.61,0,0,-8,1,10.203458321586318
33,46,439.41,4,0.95,2,2,1,16.95,3,3,11,6,0.3333333333333333,114.09,231,0,-5,0,0.21570809018868778
57,20,94.62,4,45.77,1,3,5,36.95,3,1,10,4,1.25,32.8925,50,0,-13,0,47.86655511399289
53,29,884.96,3,7.33,5,9,2,36.56,1,1,9,2,0.2,307.17333333333335,27,0,-5,0,0.8273511219468147
63,25,453.51,5,2.91,10,13,2,32.46,1,0,5,4,0.14285714285714285,97.19399999999999,0,0,-5,0,0.6402499394952806
47,50,457.36,1,34.52,1,2,3,33.89,1,1,2,3,1.0,491.25,8,0,-7,0,7.531198184832882
32,47,309.48,5,16.74,3,2,1,63.92,1,2,11,5,0.3333333333333333,74.68,132,0,-3,0,5.391651636176242
58,86,1276.13,4,87.36,8,3,3,21.05,2,5,10,8,0.75,324.295,450,0,-8,1,6.840337318832068
35,110,701.83,1,59.58,11,9,3,42.8,3,0,11,2,0.3,744.63,0,0,-9,1,8.477156638162855
56,93,1079.2,4,35.65,9,12,2,41.87,1,0,5,4,0.15384615384615385,280.2675,0,0,-5,1,3.300314756526569
31,69,430.78,1,0.14,6,4,4,34.31,3,2,0,5,0.8,465.09,0,0,-11,1,0.03242391958867942
40,34,326.11,4,3.28,4,4,2,58.28,2,1,2,2,0.4,96.0975,6,0,-6,0,1.0027207972853167
23,14,618.52,6,10.18,1,10,3,35.73,2,2,0,5,0.2727272727272727,109.04166666666667,0,0,-8,0,1.6432076446280992
55,14,369.18,4,5.44,4,7,3,51.16,3,1,1,4,0.375,105.08500000000001,5,0,-9,0,1.4695553514506456
57,44,386.87,3,0.6,4,9,3,36.63,1,1,11,3,0.3,141.16666666666666,44,0,-7,0,0.15469100471807565
27,1,631.87,3,13.34,5,7,3,43.83,2,0,1,5,0.375,225.23333333333335,0,0,-8,0,2.107857853903645
47,91,497.48,1,13.11,2,12,3,31.82,2,2,2,4,0.23076923076923078,529.3000000000001,20,0,-8,1,2.629995185363505
37,21,317.48,4,43.07,10,7,2,51.39,3,0,8,2,0.25,92.2175,0,0,-7,0,13.523612157749309
62,105,168.94,1,43.55,9,8,0,38.35,3,2,9,5,0.0,207.29,108,1,2,1,25.62669177356714
46,115,770.46,6,38.04,8,8,2,32.27,2,1,8,4,0.2222222222222222,133.78833333333333,40,0,-6,1,4.930910222176133
20,7,101.11,5,37.34,6,4,0,47.18,1,2,2,4,0.0,29.657999999999998,20,1,4,0,36.568406620311436
69,76,97.74,5,115.67,11,8,1,42.13,1,0,3,3,0.1111111111111111,27.974,0,0,-3,1,117.14604010532712
53,87,342.28,6,35.49,5,11,1,32.54,1,3,0,6,0.08333333333333333,62.47,0,0,-3,1,10.338499184339316
69,109,208.31,2,0.46,2,12,2,38.89,2,0,8,4,0.15384615384615385,123.6,0,0,-6,1,0.21976971955472743
49,119,689.0,4,34.24,3,14,2,28.21,1,3,3,7,0.13333333333333333,179.3025,72,0,-5,1,4.9623188405797105
68,13,213.38,5,3.22,11,11,1,27.99,1,4,4,6,0.08333333333333333,48.274,112,0,-3,0,1.5020057841216532
26,116,52.28,5,5.51,3,5,4,32.86,3,1,2,4,0.6666666666666666,17.028,10,0,-11,1,10.341591591591591
39,22,306.9,3,16.22,1,3,3,33.04,2,2,0,4,0.75,113.31333333333333,0,0,-8,0,5.2679441377070475
21,12,297.25,2,3.48,5,5,1,45.63,2,1,10,6,0.16666666666666666,171.44,70,0,-4,0,1.1668063704945517
41,81,334.41,3,22.06,5,6,3,56.51,1,2,8,5,0.42857142857142855,130.30666666666667,96,0,-7,1,6.5770251334187995
27,107,386.97,3,0.41,9,13,2,49.52,1,1,7,3,0.14285714285714285,145.49666666666667,28,0,-5,1,0.10567827409335771
52,63,745.4,5,136.81,2,10,3,53.78,3,0,11,4,0.2727272727272727,159.83599999999998,0,0,-9,1,18.329314040728832
20,90,555.71,2,85.85,11,9,2,54.49,2,2,3,5,0.2,305.1,36,0,-6,1,15.420955254980148
51,113,217.88,6,63.54,2,11,5,46.34,1,2,6,8,0.4166666666666667,44.03666666666667,108,0,-11,1,29.029605263157894
32,22,273.73,2,72.29,11,3,0,23.09,1,4,3,6,0.0,148.41,84,1,4,0,26.313107414552473
49,98,100.37,2,0.43,10,6,4,42.46,3,2,11,4,0.5714285714285714,71.415,110,0,-11,1,0.4241886159613298
26,44,241.36,6,30.81,4,3,3,27.19,3,0,6,2,0.75,44.75833333333333,0,0,-9,0,12.712493810859876
65,46,275.69,3,36.94,10,13,3,45.27,1,3,2,5,0.21428571428571427,106.98666666666666,36,0,-7,0,13.35068126784488
46,10,321.49,1,96.07,7,9,2,51.48,1,3,4,5,0.2,372.97,72,0,-5,0,29.790071009953795
65,60,126.73,6,55.24,3,12,4,21.77,2,1,5,3,0.3076923076923077,24.75,20,0,-10,0,43.24747514287951
67,83,190.88,3,9.64,8,4,2,15.11,2,2,3,7,0.4,68.66333333333334,48,0,-6,1,5.023973316656244
62,75,294.55,5,4.5,11,9,3,38.69,2,1,10,3,0.3,66.648,40,0,-8,1,1.5225850109964472
30,39,335.39,6,18.62,5,4,1,32.62,1,1,11,3,0.2,61.335,44,0,-3,0,5.53524183239692
29,86,634.48,2,0.34,1,13,3,45.06,3,0,6,3,0.21428571428571427,339.77,0,0,-9,1,0.0535028639768364
63,118,403.59,1,28.73,11,2,2,46.69,3,0,9,2,0.6666666666666666,450.28,0,0,-7,1,7.101015843199289
66,2,554.46,5,21.54,1,7,1,41.21,1,2,3,4,0.125,119.13400000000001,30,0,-3,0,3.8778669931228165
46,87,232.25,2,72.81,9,13,0,60.63,2,2,0,5,0.0,146.44,0,1,3,1,31.215434083601284
40,48,655.41,3,41.85,10,6,4,28.99,2,2,2,4,0.5714285714285714,228.13333333333333,20,0,-10,0,6.375588427964231
68,60,445.34,4,10.14,11,2,2,35.94,3,3,4,5,0.6666666666666666,120.32,72,0,-7,0,2.2718107272482864
19,92,923.27,2,13.42,3,4,2,58.04,1,4,6,6,0.4,490.655,168,0,-5,1,1.4519566793253054
22,32,382.72,5,52.5,2,4,3,55.87,1,2,2,4,0.6,87.718,20,0,-7,0,13.681851349942667
44,119,289.32,5,0.59,11,11,0,65.26,2,0,5,0,0.0,70.916,0,1,3,1,0.20322402865803252
21,89,542.58,1,3.45,5,14,8,42.85,3,1,8,4,0.5333333333333333,585.4300000000001,40,0,-19,1,0.634681187681666
65,119,405.18,3,65.29,11,3,2,62.07,2,2,10,5,0.5,155.75,120,0,-6,1,16.074154315820575
59,78,306.19,2,5.94,4,8,0,42.73,1,1,3,3,0.0,174.46,12,1,4,1,1.9336566945538596
43,50,247.16,5,5.22,7,6,2,20.08,3,0,3,1,0.2857142857142857,53.448,0,0,-7,0,2.10348162475822
47,16,302.88,4,72.49,5,2,6,39.62,3,1,6,3,2.0,85.625,24,0,-15,0,23.854811109648544
47,110,273.91,5,5.82,3,9,1,43.3,2,2,6,5,0.1,63.44200000000001,72,0,-4,1,2.117056491215307
68,88,134.8,3,19.03,3,6,1,51.21,1,0,3,1,0.14285714285714285,62.00333333333334,0,0,-3,1,14.013254786450663
49,89,14.58,3,2.02,3,14,1,48.92,1,3,2,6,0.06666666666666667,21.166666666666668,42,0,-3,1,12.965340179717586
58,77,492.78,4,53.03,3,13,2,5.51,3,0,8,2,0.14285714285714285,124.57249999999999,0,0,-7,1,10.739600631860343
29,1,441.31,5,23.95,3,13,0,43.87,3,4,2,6,0.0,97.036,56,1,2,0,5.41475435780335
42,18,324.46,6,4.05,8,7,1,45.88,2,2,3,4,0.125,61.72333333333333,30,0,-4,0,1.2443925520801327
48,74,315.47,5,11.57,6,5,4,15.39,1,2,3,8,0.6666666666666666,66.172,54,0,-9,1,3.655954750845262
31,25,284.2,1,36.51,4,13,1,58.6,2,1,8,3,0.07142857142857142,342.8,32,0,-4,0,12.801542776998598
20,95,418.82,1,17.33,7,2,2,47.46,3,3,3,5,0.6666666666666666,466.28,54,0,-7,1,4.1279596017340765
36,23,403.06,5,60.79,11,9,3,55.27,1,4,4,6,0.3,91.666,112,0,-7,0,15.04479532742662
23,11,170.66,1,43.83,7,5,4,36.63,2,3,5,5,0.6666666666666666,207.29,90,0,-10,0,25.533030408947923
35,55,116.91,2,44.76,1,2,4,44.52,1,2,1,5,1.3333333333333333,80.715,12,0,-9,0,37.96115681451955
53,31,922.6,1,8.98,1,8,3,38.22,2,3,5,5,0.3333333333333333,960.82,90,0,-8,0,0.9722823733217845
40,62,610.28,5,68.87,10,3,0,25.93,2,0,9,0,0.0,127.24199999999999,0,1,3,1,11.266522706452037
50,81,578.34,3,28.67,5,2,0,38.37,1,0,2,0,0.0,205.57000000000002,0,1,4,1,4.948734767148824
39,27,1246.46,3,50.38,8,2,3,42.95,1,1,10,6,1.0,429.80333333333334,70,0,-7,0,4.038606448302952
26,54,443.04,1,4.09,1,3,3,42.22,3,1,2,4,0.75,485.26,10,0,-9,0,0.9210881902531302
34,43,385.1,1,0.24,6,13,1,60.32,1,1,2,3,0.07142857142857142,445.42,8,0,-3,0,0.062160062160062146
66,54,1152.0,6,32.08,8,4,4,57.77,3,1,1,4,0.8,201.62833333333333,5,0,-11,0,2.782307025151778
67,63,204.86,2,6.9,7,12,3,46.76,3,2,11,4,0.23076923076923078,125.81,110,0,-9,1,3.3517924803264356
30,42,386.9,6,8.84,1,3,2,33.7,1,2,9,4,0.5,70.1,90,0,-5,0,2.2789378705852026
19,43,97.04,4,2.59,2,12,2,43.71,2,0,2,1,0.15384615384615385,35.1875,0,0,-6,0,2.6417788657690737
31,119,611.69,1,36.54,2,11,0,36.3,1,0,2,0,0.0,647.99,0,1,4,1,5.963864270675218
60,97,470.16,6,40.43,11,10,3,54.07,1,1,0,5,0.2727272727272727,87.37166666666667,0,0,-7,1,8.580949146786654
31,97,556.18,2,25.01,9,2,5,53.27,2,2,6,6,1.6666666666666667,304.72499999999997,84,0,-12,1,4.488675113966762
45,103,170.11,2,0.79,7,2,0,58.81,1,1,8,3,0.0,114.46000000000001,32,1,4,1,0.4616913096838291
34,23,413.3,5,9.08,7,4,3,31.71,2,1,5,3,0.6,89.002,20,0,-8,0,2.1916485638426257
38,80,674.77,3,33.68,11,3,0,49.3,1,4,9,6,0.0,241.35666666666665,252,1,4,1,4.983944241383903
38,119,522.15,3,79.0,3,13,5,29.29,2,1,9,3,0.35714285714285715,183.8133333333333,36,0,-12,1,15.100831501481412
45,72,104.57,1,20.19,1,5,2,28.68,3,0,0,2,0.3333333333333333,133.25,0,0,-7,1,19.12475134981529
64,114,732.83,2,13.24,8,9,3,46.78,2,1,8,2,0.3,389.805,24,0,-8,1,1.8042325879290844
52,30,929.76,2,23.52,7,11,3,45.39,2,0,2,1,0.25,487.575,0,0,-8,0,2.526967209592161
57,49,893.47,3,2.47,1,11,3,30.3,1,2,3,4,0.25,307.92333333333335,30,0,-7,0,0.27614117857502213
66,55,377.51,2,92.98,4,13,4,33.28,2,1,8,4,0.2857142857142857,205.39499999999998,40,0,-10,0,24.564740693772954
54,1,206.34,1,57.21,7,14,5,11.93,3,3,10,7,0.3333333333333333,218.27,240,0,-13,0,27.59236037426449
50,49,266.59,2,18.44,9,6,0,34.51,2,2,2,3,0.0,150.54999999999998,16,1,3,0,6.89113942972458
55,74,717.06,5,26.17,8,9,3,61.2,1,0,7,3,0.3,155.652,0,0,-7,1,3.6445422388101276
55,52,120.2,2,0.47,10,5,3,4.61,2,4,3,9,0.5,62.405,120,0,-8,0,0.38778877887788776
42,64,225.87,4,12.11,9,4,1,21.53,3,0,1,3,0.2,61.85,0,0,-5,1,5.3378586855908665
44,29,187.23,1,83.49,1,7,0,16.19,3,1,10,4,0.0,203.42,50,1,2,0,44.355309993093556
44,113,537.11,2,7.91,8,12,2,48.0,3,0,4,1,0.15384615384615385,292.555,0,0,-7,1,1.469959673672669
55,118,791.94,5,30.78,3,8,3,18.05,2,2,7,4,0.3333333333333333,161.998,70,0,-8,1,3.8817565011224047
51,108,325.19,1,61.0,4,8,4,23.69,1,0,10,3,0.4444444444444444,348.88,0,0,-9,1,18.700757227382812
58,11,47.07,1,50.24,3,7,2,32.58,1,1,11,4,0.25,79.65,55,0,-5,0,104.5142500520075
50,72,188.41,1,0.97,5,10,4,50.42,3,2,2,4,0.36363636363636365,238.82999999999998,20,0,-11,1,0.5121165725146507
62,7,323.25,3,12.78,4,12,4,47.3,2,3,8,8,0.3076923076923077,123.51666666666667,216,0,-10,0,3.9414032382420974
60,68,638.46,6,1.97,3,12,2,36.67,1,1,10,3,0.15384615384615385,112.52166666666666,40,0,-5,1,0.3080724361179745
66,22,209.52,3,12.53,6,4,1,31.18,3,0,3,3,0.2,80.23333333333333,0,0,-5,0,5.951928557856736
64,43,178.47,3,26.01,6,3,0,34.23,3,3,7,4,0.0,70.89999999999999,105,1,2,0,14.49267287011757
37,114,168.86,1,49.22,1,4,1,62.68,2,3,11,5,0.2,231.54000000000002,198,0,-4,1,28.976804427175317
62,62,577.56,5,32.7,2,2,0,49.52,3,4,10,5,0.0,125.41599999999998,240,1,2,1,5.651963495575222
48,20,588.82,3,207.47,10,10,1,49.12,3,1,0,2,0.09090909090909091,212.64666666666668,0,0,-5,0,35.17513817774914
52,16,384.07,6,31.07,8,3,1,55.73,3,5,1,8,0.25,73.3,45,0,-5,0,8.068662840522503
55,14,303.39,6,91.29,2,14,3,36.04,1,1,7,4,0.2,56.571666666666665,35,0,-7,0,29.99112980058478
34,22,178.84,3,1.27,6,2,2,58.77,2,1,1,3,0.6666666666666666,79.20333333333333,4,0,-6,0,0.7061832740213523
27,20,567.28,4,13.3,2,9,4,42.81,2,1,0,3,0.4,152.52249999999998,0,0,-10,0,2.340395579643838
25,16,292.71,1,1.89,1,13,3,39.35,1,2,2,3,0.21428571428571427,332.06,16,0,-7,0,0.6434918797453271
64,102,357.46,4,66.51,10,6,1,27.88,3,3,11,6,0.14285714285714285,96.335,231,0,-5,1,18.55437147798918
37,89,73.03,1,36.44,3,12,2,27.42,2,2,7,4,0.15384615384615385,100.45,70,0,-6,1,49.22328785627448
66,82,535.69,3,33.85,5,12,3,41.93,1,1,5,4,0.23076923076923078,192.54,25,0,-7,1,6.307179190966853
30,88,831.2,1,143.16,11,2,3,35.4,3,4,10,6,1.0,866.6,280,0,-9,1,17.202595529920693
25,86,726.5,3,4.18,10,12,2,28.34,1,0,10,3,0.15384615384615385,251.61333333333334,0,0,-5,1,0.5745704467353951
50,19,398.64,1,17.47,1,10,2,40.05,2,2,10,7,0.18181818181818182,438.69,160,0,-6,0,4.371434290861775
34,69,195.24,5,28.31,1,5,4,30.12,3,0,2,3,0.6666666666666666,45.072,0,0,-11,1,14.42621280065226
49,64,372.5,3,8.61,11,9,2,33.01,3,3,1,7,0.2,135.17,24,0,-7,1,2.3052208835341363
25,57,293.61,3,47.72,11,12,1,44.57,3,1,9,6,0.07692307692307693,112.72666666666667,63,0,-5,0,16.19768507518414
44,80,404.4,2,12.49,10,5,5,25.46,2,1,10,4,0.8333333333333334,214.92999999999998,50,0,-12,1,3.080907745436606
59,71,254.47,5,8.47,2,13,4,21.93,2,4,2,6,0.2857142857142857,55.279999999999994,56,0,-10,1,3.3154577836928016
40,49,253.74,4,16.22,6,12,5,24.61,3,1,11,3,0.38461538461538464,69.5875,44,0,-13,0,6.3672764387218335
29,70,530.15,5,125.03,10,8,2,31.19,2,0,10,2,0.2222222222222222,112.268,0,0,-6,1,23.53948978631272
59,77,862.56,5,7.64,6,10,2,24.74,1,2,6,4,0.18181818181818182,177.45999999999998,60,0,-5,1,0.8847098059196814
41,72,695.21,6,169.16,8,8,2,45.22,2,3,6,4,0.2222222222222222,123.40500000000002,90,0,-6,1,24.297266629321612
50,72,101.24,3,21.05,6,3,1,43.78,3,2,7,4,0.25,48.339999999999996,70,0,-5,1,20.588810641627546
48,13,522.52,5,22.67,10,4,1,23.65,3,0,0,2,0.2,109.234,0,0,-5,0,4.330302567237164
41,78,152.37,4,25.46,9,9,2,40.05,1,0,5,4,0.2,48.105000000000004,0,0,-5,1,16.600378170437505
50,15,512.44,3,80.42,5,3,0,23.19,2,1,0,3,0.0,178.54333333333338,0,1,3,0,15.662979121221563
49,10,74.37,1,41.6,11,10,3,28.73,1,2,0,4,0.2727272727272727,103.10000000000001,0,0,-7,0,55.19437441953031
63,119,744.34,4,26.13,6,12,1,41.09,2,2,3,3,0.07692307692307693,196.35750000000002,24,0,-4,1,3.5057825958622906
58,78,73.27,6,95.71,10,8,4,32.88,2,3,3,6,0.4444444444444444,17.691666666666666,63,0,-10,1,128.86764507876666
61,72,193.27,4,64.11,10,7,4,57.26,2,1,1,4,0.5,62.6325,5,0,-10,1,33.000463272764705
27,3,699.7,1,17.16,7,13,4,46.93,1,0,8,4,0.2857142857142857,746.63,0,0,-9,0,2.4489795918367347
34,50,197.48,4,44.93,2,3,1,5.74,1,3,3,6,0.25,50.805,63,0,-3,0,22.637041515517936
59,78,288.59,6,59.46,7,7,4,35.22,2,2,5,6,0.5,53.96833333333333,70,0,-10,1,20.532476950170935
53,51,660.23,2,6.6,11,6,1,21.48,3,2,2,3,0.14285714285714285,340.855,16,0,-5,0,0.9981398303162288
55,115,606.43,2,21.28,5,11,2,42.09,1,2,7,4,0.16666666666666666,324.26,70,0,-5,1,3.5032843290584923
67,119,149.3,1,63.46,4,3,3,36.7,1,2,7,4,0.75,186.0,70,0,-7,1,42.22222222222222
33,108,385.42,5,13.86,2,2,3,52.49,2,3,2,5,1.0,87.58200000000001,36,0,-8,1,3.586770871072926
32,53,432.54,5,38.67,9,14,1,33.17,1,0,10,4,0.06666666666666667,93.14200000000001,0,0,-3,0,8.919592194491857
21,4,63.84,5,9.2,1,9,3,50.19,3,1,3,6,0.3,22.806,21,0,-9,0,14.18877236273905
22,107,220.97,1,17.84,6,4,3,56.08,2,1,10,6,0.6,277.05,70,0,-8,1,8.03712213362166
37,58,441.56,1,63.4,7,12,4,44.68,1,2,8,4,0.3076923076923077,486.24,80,0,-9,0,14.325741142443963
20,89,267.76,4,4.56,6,11,1,48.31,3,2,9,7,0.08333333333333333,79.0175,144,0,-5,1,1.6966810537282333
68,41,1292.5,3,86.22,5,12,0,30.42,3,1,8,2,0.0,440.97333333333336,24,1,2,0,6.665635871666023
42,102,908.39,4,26.94,9,4,1,44.67,1,1,2,2,0.2,238.265,6,0,-3,1,2.9624253620558836
41,5,382.78,5,10.93,5,8,1,35.44,2,1,9,2,0.1111111111111111,83.64399999999999,27,0,-4,0,2.8479858252123615
31,5,810.91,2,75.7,10,13,2,39.18,3,1,1,4,0.14285714285714285,425.04499999999996,5,0,-7,0,9.323693512827777
58,80,266.26,4,16.63,9,6,1,35.55,1,2,2,4,0.14285714285714285,75.4525,20,0,-3,1,6.222405148544488
50,17,366.89,2,59.58,4,8,0,46.5,3,1,6,1,0.0,206.695,12,1,2,0,16.195058305471743
38,47,165.25,3,13.59,3,12,2,33.32,1,1,4,3,0.15384615384615385,66.19,16,0,-5,0,8.174436090225564
32,44,58.49,5,18.62,4,5,0,29.77,3,1,7,4,0.0,17.652,35,1,2,0,31.299378046730542
60,37,755.52,4,5.16,9,5,1,40.59,2,3,9,5,0.16666666666666666,199.0275,162,0,-4,0,0.6820705334954794
35,14,199.86,6,35.78,8,3,4,32.52,3,0,4,3,1.0,38.730000000000004,0,0,-11,0,17.813402369809815
41,28,532.61,3,2.7,3,8,5,40.41,1,2,2,5,0.5555555555555556,191.00666666666666,24,0,-11,0,0.505987518974532
30,67,234.08,4,15.28,3,3,0,43.87,1,0,0,2,0.0,69.4875,0,1,4,1,6.499914922579547
38,72,213.31,4,45.78,4,3,3,51.85,2,2,0,4,0.75,66.29,0,0,-8,1,21.36157902104428
39,16,309.91,3,9.87,7,13,2,16.17,1,2,9,4,0.14285714285714285,108.69333333333334,90,0,-5,0,3.1745521211926273
21,74,125.96,5,7.14,1,12,1,38.05,2,1,9,4,0.07692307692307693,32.802,45,0,-4,1,5.623818525519849
22,92,155.32,4,4.24,11,13,2,49.59,2,1,8,4,0.14285714285714285,51.2275,40,0,-6,1,2.7123848515864895
41,63,497.23,4,8.73,3,9,1,35.14,3,4,4,9,0.1,133.0925,160,0,-5,1,1.7522027979045822
58,108,869.29,2,52.08,7,14,0,52.17,3,2,3,2,0.0,460.72999999999996,18,1,2,1,5.984212159165335
41,51,453.95,2,19.2,6,6,0,34.17,2,3,6,6,0.0,244.06,126,1,3,0,4.2202439828552585
31,77,242.59,1,41.85,6,11,0,52.78,3,2,8,3,0.0,295.37,64,1,2,1,17.180508231043966
45,15,174.88,3,15.02,9,10,8,40.97,1,2,8,5,0.7272727272727273,71.95,96,0,-17,0,8.539913577439163
29,45,167.31,1,23.04,10,5,2,46.22,1,2,11,4,0.3333333333333333,213.53,110,0,-5,0,13.689026201651714
45,108,600.7,3,92.51,5,5,3,37.42,3,2,9,7,0.5,212.70666666666668,144,0,-9,1,15.374771480804386
57,15,155.46,3,12.52,10,7,1,44.49,3,0,3,2,0.125,66.65,0,0,-5,0,8.00204525118241
38,19,258.63,4,23.2,10,12,0,37.57,2,2,9,2,0.0,74.05,54,1,3,0,8.935793244232176
25,33,996.42,3,9.6,8,4,4,39.62,2,4,6,8,0.8,345.34666666666664,216,0,-10,0,0.9624832066732169
39,62,143.57,5,75.76,6,2,2,52.09,2,1,11,4,0.6666666666666666,39.132,55,0,-6,1,52.403679878259666
27,43,156.31,1,1.38,9,12,3,25.65,1,1,2,6,0.23076923076923078,181.96,14,0,-7,0,0.8772487445171953
60,5,145.26,3,7.08,9,4,2,27.2,1,4,11,7,0.4,57.48666666666666,352,0,-5,0,4.840694653357036
32,103,398.44,4,27.76,7,7,2,55.79,2,1,8,5,0.25,113.5575,48,0,-6,1,6.949729621470059
35,86,864.81,5,7.16,1,4,3,22.18,2,2,4,3,0.6,177.39799999999997,32,0,-8,1,0.826971275453044
45,60,269.19,6,75.68,6,13,2,25.43,3,2,6,6,0.14285714285714285,49.10333333333333,84,0,-7,0,28.00991894592694
36,110,641.73,1,18.47,4,8,1,51.01,3,4,11,6,0.1111111111111111,692.74,308,0,-5,1,2.8736794610489627
38,19,115.59,5,41.51,4,6,3,49.34,3,1,4,3,0.42857142857142855,32.986000000000004,16,0,-9,0,35.60339651771164
20,63,480.86,6,78.88,5,9,1,53.38,2,3,7,6,0.1,89.04,147,0,-4,1,16.369899970945916
29,63,522.65,3,53.95,7,4,5,43.43,1,2,3,5,1.0,188.6933333333333,36,0,-11,1,10.302683089850092
54,39,375.09,4,5.51,2,9,1,39.8,3,1,10,4,0.1,103.7225,50,0,-5,0,1.4650748491052674
23,30,440.54,2,20.05,11,4,3,37.59,3,1,7,3,0.6,239.065,28,0,-9,0,4.540924944512388
67,87,713.9,3,77.99,3,6,0,44.64,3,1,10,2,0.0,252.84666666666666,30,1,2,1,10.909218072457685
27,115,704.45,6,2.81,7,6,0,33.35,1,4,5,6,0.0,122.96666666666668,140,1,4,1,0.39832730880997946
23,106,286.17,5,4.5,2,7,2,33.71,2,1,6,4,0.25,63.976,30,0,-6,1,1.5670160532089008
66,33,479.08,4,4.23,2,14,2,55.71,2,4,9,8,0.13333333333333333,133.6975,324,0,-6,0,0.8811031494750876
20,85,200.13,4,24.52,11,5,1,54.41,2,0,2,4,0.16666666666666666,63.635,0,0,-4,1,12.19112017103366
56,7,501.43,5,66.56,2,14,3,23.44,1,1,5,4,0.2,104.974,25,0,-7,0,13.247616583404653
21,21,1096.16,3,12.13,8,12,3,51.3,2,2,4,4,0.23076923076923078,382.4866666666667,40,0,-8,0,1.1055816836195267
68,72,1065.27,1,12.4,3,7,2,42.56,1,1,7,4,0.25,1107.83,35,0,-5,1,1.162932465510612
61,21,247.93,3,13.55,3,4,2,46.58,1,2,4,5,0.4,98.17,48,0,-5,0,5.4432973124974895
21,25,163.0,3,10.68,9,9,3,28.27,2,0,4,5,0.3,63.75666666666667,0,0,-8,0,6.51219512195122
43,75,869.54,4,21.59,8,2,3,57.59,3,0,11,2,1.0,231.7825,0,0,-9,1,2.4800698417074463
60,97,1363.98,1,26.4,8,10,2,23.61,2,3,8,4,0.18181818181818182,1387.59,120,0,-6,1,1.9340942724435521
30,108,672.26,6,1.12,8,9,0,64.07,3,1,7,3,0.0,122.72166666666665,28,1,2,1,0.16635475150758994
41,84,395.57,4,28.52,8,10,0,35.2,2,2,4,2,0.0,107.6925,24,1,3,1,7.191668557883854
68,84,628.69,4,47.48,5,2,4,40.79,1,2,2,5,1.3333333333333333,167.37,24,0,-9,1,7.5402182026076305
54,107,939.01,2,49.17,4,14,4,33.28,2,1,1,4,0.26666666666666666,486.145,5,0,-10,1,5.2307954170700315
54,38,722.01,3,20.33,4,5,2,43.57,1,1,4,5,0.3333333333333333,255.19333333333336,24,0,-5,0,2.8118559909268197
22,19,307.3,6,7.7,7,9,3,20.07,1,1,6,4,0.3,54.56166666666667,30,0,-7,0,2.4975673045734674
55,73,453.48,5,47.67,2,12,5,35.3,3,1,0,5,0.38461538461538464,97.756,0,0,-13,1,10.488910403098046
60,45,289.33,1,14.56,9,2,3,21.79,2,1,10,4,1.0,311.12,50,0,-8,0,5.014982950435712
45,37,584.88,4,37.6,10,2,3,50.13,2,1,1,3,1.0,158.7525,4,0,-8,0,6.417696456612276
47,85,252.69,1,8.74,5,4,2,30.52,3,0,11,3,0.4,283.21,0,0,-7,1,3.445149592021759
46,3,1120.9,4,57.57,5,13,2,40.75,2,4,0,6,0.14285714285714285,290.4125,0,0,-6,0,5.131473393350565
21,61,314.68,3,12.26,11,6,0,31.54,3,0,2,1,0.0,115.40666666666668,0,1,2,1,3.883679675620882
38,52,486.84,5,25.31,3,11,2,51.33,3,2,0,5,0.16666666666666666,107.63399999999999,0,0,-7,0,5.188176451295506
30,106,34.27,5,0.98,2,14,1,28.06,3,1,10,3,0.06666666666666667,12.466,40,0,-5,1,2.7785653529912104
36,53,617.4,1,24.0,11,12,0,47.57,3,2,2,3,0.0,664.97,16,1,2,0,3.8809831824062098
69,43,178.55,6,4.1,4,2,3,28.95,1,0,6,2,1.0,34.583333333333336,0,0,-7,0,2.2834864940128092
57,57,700.61,1,5.55,3,7,0,14.32,2,2,9,2,0.0,714.9300000000001,54,1,3,0,0.7910377560183007
53,37,141.02,3,25.22,4,10,3,36.59,1,2,10,5,0.2727272727272727,59.20333333333334,120,0,-7,0,17.758062244754257
64,111,490.0,5,28.7,7,8,1,42.94,3,1,4,5,0.1111111111111111,106.58800000000001,24,0,-5,1,5.845213849287169
56,45,479.04,6,30.01,11,12,1,34.18,3,2,10,4,0.07692307692307693,85.53666666666668,100,0,-5,0,6.251562369802517
33,81,411.17,5,24.37,4,3,2,37.36,1,1,11,5,0.5,89.706,66,0,-5,1,5.912608874978771
63,32,83.34,2,0.46,7,2,2,48.56,2,2,4,4,0.6666666666666666,65.95,40,0,-6,0,0.5454114299264881
37,2,659.61,3,133.51,2,13,1,51.86,2,2,6,7,0.07142857142857142,237.15666666666667,96,0,-4,0,20.2101088388005
52,49,1220.13,4,8.98,8,2,1,47.14,1,1,2,3,0.3333333333333333,316.81750000000005,8,0,-3,0,0.7353844390032183
20,56,208.86,2,35.08,3,9,2,31.3,1,0,3,2,0.2,120.08000000000001,0,0,-5,0,16.715905841989894
63,9,178.49,4,113.62,1,8,2,39.05,1,2,8,7,0.2222222222222222,54.385000000000005,128,0,-5,0,63.30157668950916
49,23,454.98,6,15.8,10,5,4,49.35,2,1,8,4,0.6666666666666666,84.055,40,0,-10,0,3.465064257204263
26,98,1035.5,3,103.61,9,14,1,58.89,2,3,2,6,0.06666666666666667,364.7966666666667,42,0,-4,1,9.996140858658949
26,16,557.83,1,5.36,3,6,4,62.54,3,1,9,4,0.5714285714285714,620.37,45,0,-11,0,0.9591467888266557
49,80,886.39,6,47.78,4,3,1,13.6,1,0,6,2,0.25,149.99833333333333,0,0,-3,1,5.384329325324829
25,56,312.04,3,9.09,6,7,0,12.04,3,0,4,2,0.0,108.02666666666669,0,1,2,0,2.90378226424738
56,94,467.89,3,26.48,2,8,3,46.27,2,0,1,3,0.3333333333333333,171.38666666666666,0,0,-8,1,5.64737998251189
20,95,278.25,6,55.3,7,8,4,54.16,3,1,11,3,0.4444444444444444,55.401666666666664,44,0,-11,1,19.803043867502236
33,8,400.55,6,57.85,7,14,1,28.47,3,0,1,2,0.06666666666666667,71.50333333333333,0,0,-5,0,14.40667413771635
68,94,670.2,1,90.22,3,13,0,30.68,3,4,10,8,0.0,700.88,360,1,2,1,13.441597139451728
60,79,114.98,2,51.09,11,7,2,23.4,3,1,6,3,0.25,69.19,24,0,-7,1,44.05069839627522
63,8,166.82,6,30.74,2,13,2,36.11,1,1,6,3,0.14285714285714285,33.821666666666665,24,0,-5,0,18.317244666905015
32,7,330.03,4,40.74,5,6,2,48.12,1,3,5,6,0.2857142857142857,94.5375,105,0,-5,0,12.307041657855786
31,70,791.46,1,10.45,8,6,3,40.06,2,2,4,4,0.42857142857142855,831.52,40,0,-8,1,1.3186785452893521
20,78,618.38,6,15.23,10,3,1,42.32,2,0,4,3,0.25,110.11666666666667,0,0,-4,1,2.4589105234266526
65,10,1089.9,2,9.48,2,14,1,29.37,2,5,5,7,0.06666666666666667,559.635,200,0,-4,0,0.8690072417270144
67,102,525.26,4,3.34,11,8,3,13.24,1,1,11,3,0.3333333333333333,134.625,44,0,-7,1,0.6346672747311215
44,45,277.26,3,54.44,6,8,3,42.2,3,3,8,7,0.3333333333333333,106.48666666666666,192,0,-9,0,19.564436138862934
36,74,347.39,4,69.59,10,14,1,50.03,2,0,4,1,0.06666666666666667,99.35499999999999,0,0,-4,1,19.974740951232818
65,42,1365.27,3,14.01,9,13,1,43.2,2,3,1,6,0.07142857142857142,469.49,21,0,-4,0,1.0254195729980164
42,111,753.74,1,11.66,10,11,1,37.08,2,5,8,7,0.08333333333333333,790.82,320,0,-4,1,1.544902880462146
69,28,181.62,5,10.83,8,6,0,49.81,3,3,7,5,0.0,46.286,126,1,2,0,5.9303471689847775
69,96,270.6,3,14.26,6,12,2,21.52,1,6,10,8,0.15384615384615385,97.37333333333333,540,0,-5,1,5.2503681885125175
55,65,519.47,4,7.37,3,7,2,42.04,3,1,1,4,0.25,140.3775,5,0,-7,1,1.4160278210079351
19,95,234.15,5,9.05,1,14,4,58.73,1,4,2,7,0.26666666666666666,58.576,64,0,-9,1,3.848607271954072
28,92,981.97,1,0.95,10,10,2,49.78,2,1,0,3,0.18181818181818182,1031.75,0,0,-6,1,0.0966458793249031
42,81,431.58,1,23.33,7,4,3,42.27,3,1,7,5,0.6,473.84999999999997,42,0,-9,1,5.39322206297101
32,46,150.41,6,0.05,10,6,3,24.36,1,0,3,4,0.42857142857142855,29.12833333333333,0,0,-7,0,0.033022917905026095
34,109,153.14,5,14.99,1,12,1,12.87,1,3,2,6,0.07692307692307693,33.202,42,0,-3,1,9.724925392500325
51,67,1004.9,4,29.24,11,13,2,25.07,3,0,2,2,0.14285714285714285,257.4925,0,0,-7,1,2.9068495874341385
22,39,214.31,5,1.0,4,9,1,19.04,1,0,11,2,0.1,46.67,0,0,-3,0,0.46444661186196645
56,102,257.43,1,13.14,4,2,4,29.74,3,3,0,6,1.3333333333333333,287.17,0,0,-11,1,5.084549007468174
48,77,297.59,6,18.86,9,14,3,33.46,2,1,5,3,0.2,55.17499999999999,20,0,-8,1,6.316353528249439
40,71,560.25,2,57.77,7,7,0,43.84,3,0,6,1,0.0,302.045,0,1,2,1,10.293095768374165
26,93,563.3,6,14.66,6,12,5,37.95,3,1,4,4,0.38461538461538464,100.20833333333333,20,0,-13,1,2.5979089136983875
49,79,395.52,4,0.96,10,8,5,33.91,3,2,8,4,0.5555555555555556,107.35749999999999,80,0,-13,1,0.24210632502774135
56,69,341.99,3,6.15,5,3,5,41.34,2,1,4,4,1.25,127.77666666666669,20,0,-12,1,1.7930551911134436
54,95,381.97,1,55.39,9,6,1,50.44,1,0,5,4,0.14285714285714285,432.41,0,0,-3,1,14.46327388568295
64,61,981.65,2,11.46,8,8,2,33.33,3,2,2,4,0.2222222222222222,507.49,20,0,-7,1,1.1662341627232484
40,101,135.68,6,30.34,5,9,2,24.84,1,1,3,3,0.2,26.753333333333334,12,0,-5,1,22.197834357623645
44,54,551.6,6,38.22,4,10,0,37.64,2,3,9,6,0.0,98.20666666666666,189,1,3,0,6.916395222584147
36,50,625.97,5,64.98,8,9,1,40.12,2,1,11,3,0.1,133.21800000000002,44,0,-4,0,10.364132255131825
52,75,191.88,3,11.87,2,10,3,43.34,1,1,3,3,0.2727272727272727,78.40666666666667,12,0,-7,1,6.154085441725425
37,35,174.4,1,8.98,1,3,3,29.27,2,0,6,2,0.75,203.67000000000002,0,0,-8,0,5.119726339794755
46,48,485.88,3,19.33,10,10,3,36.9,2,2,10,5,0.2727272727272727,174.26,120,0,-8,0,3.970177456457443
53,25,1378.39,6,33.66,4,2,1,29.72,3,1,7,5,0.3333333333333333,234.68500000000003,42,0,-5,0,2.4402090779257493
41,85,350.94,6,0.36,9,9,1,46.38,1,3,10,5,0.1,66.22,180,0,-3,1,0.10229016309598227
27,52,53.36,1,28.02,5,10,1,43.76,3,1,1,2,0.09090909090909091,97.12,3,0,-5,0,51.545253863134654
47,118,482.64,6,2.69,4,8,2,53.03,2,1,9,5,0.2222222222222222,89.27833333333332,54,0,-6,1,0.55619882557274
39,35,101.28,6,5.3,7,7,0,35.49,2,2,7,4,0.0,22.795,70,1,3,0,5.1818537348455225
62,49,37.17,5,52.52,6,9,3,26.22,1,1,8,3,0.3,12.678,32,0,-7,0,137.59496987162694
68,42,223.52,4,3.91,6,8,2,37.53,1,2,8,5,0.2222222222222222,65.2625,96,0,-5,0,1.7414929627650098
51,63,64.87,4,83.33,9,14,1,38.01,3,1,0,3,0.06666666666666667,25.72,0,0,-5,1,126.50675573098526
41,69,162.27,2,57.98,8,2,2,27.13,3,1,5,3,0.6666666666666666,94.7,20,0,-7,1,35.511729037790154
18,31,319.65,3,90.21,11,11,1,47.59,1,2,2,4,0.08333333333333333,122.41333333333334,20,0,-3,0,28.133478871043195
63,102,147.8,6,12.51,3,13,3,26.47,1,0,7,3,0.21428571428571427,29.045,0,0,-7,1,8.407258064516128
59,26,245.56,6,21.38,6,5,2,36.76,3,2,9,4,0.3333333333333333,47.053333333333335,90,0,-7,0,8.67131732641142
27,70,323.7,1,1.81,10,4,0,49.08,3,5,3,8,0.0,372.78,135,1,2,1,0.5574376347397598
64,7,59.81,4,64.05,3,9,1,34.68,2,3,5,5,0.1,23.622500000000002,90,0,-4,0,105.32807104094721
34,66,165.88,3,19.29,5,11,3,41.46,3,0,9,3,0.25,69.11333333333333,0,0,-9,1,11.559204218600192
33,71,471.22,2,52.51,4,11,1,31.94,3,0,1,2,0.08333333333333333,251.58,0,0,-5,1,11.119817034433103
44,31,574.18,1,8.43,10,5,4,37.68,1,1,6,3,0.6666666666666666,611.8599999999999,24,0,-9,0,1.4656281511874545
31,62,179.36,3,5.58,10,5,0,11.8,1,0,2,0,0.0,63.720000000000006,0,1,4,1,3.093812375249501
61,52,80.93,5,39.04,4,7,2,46.99,2,3,6,5,0.25,25.584000000000003,108,0,-6,0,47.650433296716706
34,95,172.0,4,14.71,10,2,4,24.84,2,2,4,4,1.3333333333333333,49.21,40,0,-10,1,8.502890173410405
35,109,420.94,1,16.51,4,11,1,34.16,3,1,0,2,0.08333333333333333,455.1,0,0,-5,1,3.9128786083329383
57,75,52.64,5,0.49,1,12,1,50.36,3,3,6,5,0.07692307692307693,20.6,108,0,-5,1,0.9134973900074571
18,109,969.8,5,0.36,10,14,1,43.69,3,2,2,3,0.06666666666666667,202.698,16,0,-5,1,0.037082818294190356
29,74,281.99,3,75.82,1,7,5,43.62,3,0,2,2,0.625,108.53666666666668,0,0,-13,1,26.79246616488215
33,108,271.42,2,46.12,9,11,4,18.8,3,2,7,7,0.3333333333333333,145.11,112,0,-11,1,16.92974084134792
59,31,587.11,5,7.26,8,6,2,21.01,1,0,2,2,0.2857142857142857,121.624,0,0,-5,0,1.2344629406063492
67,15,340.13,5,4.8,2,7,0,21.06,3,1,4,5,0.0,72.238,24,1,2,0,1.4070882068419663
21,44,1292.9,6,10.26,7,4,1,27.56,2,2,9,4,0.2,220.07666666666668,90,0,-4,0,0.7929515418502201
64,91,943.87,2,72.92,11,11,2,48.08,3,2,1,6,0.16666666666666666,495.975,14,0,-7,1,7.717463778085874
18,101,639.58,1,27.65,7,6,0,28.21,2,2,11,4,0.0,667.7900000000001,110,1,3,1,4.316400761809609
60,74,511.22,6,12.99,11,8,1,47.68,2,0,10,1,0.1111111111111111,93.14999999999999,0,0,-4,1,2.5360196790441605
64,74,588.11,5,24.81,2,14,2,20.23,2,2,7,5,0.13333333333333333,121.668,84,0,-6,1,4.211437592300249
51,92,244.52,2,6.12,7,2,2,58.48,1,0,6,3,0.6666666666666666,151.5,0,0,-5,1,2.4926686217008798
34,26,353.5,2,42.17,5,2,1,47.19,2,1,11,4,0.3333333333333333,200.345,55,0,-4,0,11.895627644569817
51,32,830.6,1,4.35,10,10,1,38.1,2,0,7,3,0.09090909090909091,868.7,0,0,-4,0,0.523088023088023
20,11,251.16,6,16.08,1,11,2,59.45,3,2,0,5,0.16666666666666666,51.76833333333334,0,0,-7,0,6.376903553299491
18,32,379.03,2,15.64,7,7,3,31.84,1,1,0,4,0.375,205.43499999999997,0,0,-7,0,4.115464568586691
67,40,201.55,4,7.05,11,7,1,34.9,1,0,0,3,0.125,59.112500000000004,0,0,-3,0,3.4806220686250304
20,2,165.13,2,9.41,4,11,6,29.83,3,3,6,7,0.5,97.47999999999999,144,0,-15,0,5.664238849094083
46,76,246.43,2,15.33,8,5,1,32.31,2,0,2,5,0.16666666666666666,139.37,0,0,-4,1,6.195691710786889
41,106,1983.81,5,48.5,2,13,1,25.48,3,1,10,4,0.07142857142857142,401.858,50,0,-5,1,2.4435588293085986
26,3,255.95,4,58.47,5,12,2,38.37,3,1,4,4,0.15384615384615385,73.58,20,0,-7,0,22.75539988324577
20,59,159.86,5,18.96,3,3,4,23.9,3,1,11,4,1.0,36.752,55,0,-11,0,11.786646773591942
66,41,366.75,6,12.65,6,10,3,38.42,1,1,7,3,0.2727272727272727,67.52833333333334,28,0,-7,0,3.4398368456832085
64,87,736.79,3,29.54,2,12,2,19.19,2,0,0,1,0.15384615384615385,251.99333333333334,0,0,-6,1,4.003849333821277
32,56,150.6,6,11.11,11,3,2,33.22,3,3,8,6,0.5,30.636666666666667,168,0,-7,0,7.32849604221636
23,7,129.37,3,15.75,10,13,1,27.37,3,2,9,5,0.07142857142857142,52.24666666666667,108,0,-5,0,12.08100023011429
33,110,154.54,6,7.73,9,7,2,41.47,1,2,6,4,0.25,32.66833333333333,60,0,-5,1,4.96978269255497
53,104,678.18,4,28.51,5,9,2,35.02,2,1,10,4,0.2,178.29999999999998,50,0,-6,1,4.197709002031862
46,57,537.08,6,9.44,2,12,2,38.06,3,2,11,5,0.15384615384615385,95.85666666666668,132,0,-7,0,1.7543859649122806
61,67,479.87,3,26.22,2,2,2,39.5,2,1,0,4,0.6666666666666666,173.12333333333333,0,0,-6,1,5.452617131449248
47,50,64.11,3,3.31,9,2,2,36.24,3,1,7,4,0.6666666666666666,33.449999999999996,35,0,-7,0,5.083704500076793
36,50,135.24,4,14.51,4,8,5,44.62,2,3,3,7,0.5555555555555556,44.965,72,0,-12,0,10.650322959483265
55,113,261.42,4,28.92,3,9,1,16.29,3,1,10,3,0.1,69.42750000000001,40,0,-5,1,11.020501486167213
34,80,839.76,3,84.87,2,9,0,59.14,1,1,0,1,0.0,299.6333333333333,0,1,4,1,10.09443836528855
42,119,487.05,1,2.02,6,3,6,33.21,3,2,9,6,1.5,520.26,126,0,-15,1,0.4138920192603217
21,60,168.34,1,8.97,8,6,3,14.34,1,1,1,2,0.42857142857142855,182.68,3,0,-7,0,5.297035549781505
37,42,133.12,5,17.22,10,3,0,47.17,1,1,1,3,0.0,36.05800000000001,4,1,4,0,12.839248434237996
42,44,322.78,2,12.25,11,6,2,43.98,2,2,2,6,0.2857142857142857,183.38,28,0,-6,0,3.7834331953795792
62,117,1360.73,1,7.89,11,10,1,27.89,3,1,8,2,0.09090909090909091,1388.6200000000001,24,0,-5,1,0.5794100152012512
47,108,400.25,5,0.08,7,3,3,48.96,2,2,1,4,0.75,89.842,10,0,-8,1,0.019937694704049845
54,118,326.96,2,62.97,6,8,2,16.28,3,2,7,5,0.2222222222222222,171.62,84,0,-7,1,19.20051225759239
32,56,845.59,1,19.17,8,11,3,46.97,2,0,6,2,0.25,892.5600000000001,0,0,-8,0,2.2643782704733106
18,29,409.49,2,36.49,6,2,1,38.79,1,3,11,7,0.3333333333333333,224.14000000000001,264,0,-3,0,8.889376111476528
66,1,180.06,2,14.57,1,12,4,46.81,1,0,8,3,0.3076923076923077,113.435,0,0,-9,0,8.04705622445598
33,55,442.57,2,26.19,8,7,1,35.59,2,3,3,5,0.125,239.07999999999998,54,0,-4,0,5.904366841761165
39,42,58.0,3,7.64,2,2,2,47.46,2,1,2,4,0.6666666666666666,35.153333333333336,10,0,-6,0,12.94915254237288
33,51,214.33,5,70.78,2,3,1,47.78,3,1,1,3,0.25,52.422000000000004,4,0,-5,0,32.87047787117447
21,10,891.78,6,4.0,9,10,0,14.96,1,1,1,1,0.0,151.12333333333333,2,1,4,0,0.44803871054459105
30,33,450.21,2,12.47,1,8,2,38.85,3,1,4,3,0.2222222222222222,244.53,16,0,-7,0,2.763679882981317
32,16,868.25,1,4.04,11,8,1,37.17,2,0,0,2,0.1111111111111111,905.42,0,0,-4,0,0.46476847857348286
23,66,302.48,1,40.62,11,6,1,43.64,3,1,0,3,0.14285714285714285,346.12,0,0,-5,1,13.384737050217478
40,16,850.46,6,52.95,8,6,3,13.24,2,3,1,6,0.42857142857142855,143.95000000000002,21,0,-8,0,6.218730181100698
56,119,448.04,3,21.23,8,11,1,28.03,3,2,8,5,0.08333333333333333,158.69000000000003,96,0,-5,1,4.72786388740424
39,65,470.23,1,3.6,3,12,2,40.22,2,4,11,6,0.15384615384615385,510.45000000000005,308,0,-6,1,0.7639581520701144
27,80,198.23,4,19.88,6,11,3,62.25,1,1,2,4,0.25,65.12,10,0,-7,1,9.978416905084575
24,17,167.06,2,46.01,6,6,3,17.57,1,0,9,1,0.42857142857142855,92.315,0,0,-7,0,27.377127216470303
38,54,778.11,2,57.87,4,9,2,28.0,1,1,0,4,0.2,403.055,0,0,-5,0,7.427705972199047
41,47,170.19,4,24.71,8,12,1,22.63,3,2,2,5,0.07692307692307693,48.205,24,0,-5,0,14.434254337286056
22,56,511.03,3,23.63,6,5,1,17.24,1,4,7,7,0.16666666666666666,176.09,224,0,-3,0,4.614963966955061
27,92,431.56,2,10.09,11,14,3,36.02,2,0,8,4,0.2,233.79,0,0,-8,1,2.3326243758091363
50,92,906.45,2,46.45,6,6,1,41.37,3,1,3,3,0.14285714285714285,473.91,12,0,-5,1,5.118739324480687
62,19,549.62,1,3.84,6,9,1,41.44,1,2,11,5,0.1,591.06,132,0,-3,0,0.6973956630707202
65,58,259.67,4,35.88,5,11,1,14.02,3,3,9,6,0.08333333333333333,68.4225,189,0,-5,0,13.764529865346992
48,56,150.15,5,36.37,7,6,4,44.72,2,3,9,6,0.5714285714285714,38.974000000000004,189,0,-10,0,24.062189877605025
28,95,533.7,6,31.85,5,2,3,30.66,2,1,11,3,1.0,94.06,44,0,-8,1,5.956611183841406
26,108,323.19,6,41.18,4,11,2,51.53,1,2,0,5,0.16666666666666666,62.45333333333334,0,0,-5,1,12.702427588759676
61,107,293.23,1,3.12,4,5,2,37.16,2,2,9,7,0.3333333333333333,330.39,144,0,-6,1,1.0603949291370696
62,96,228.39,5,101.98,3,6,0,34.7,1,0,9,0,0.0,52.617999999999995,0,1,4,1,44.45703823183226
40,88,526.18,6,19.12,2,9,2,46.66,3,1,3,3,0.2,95.47333333333331,12,0,-7,1,3.6268447209681707
60,1,723.87,1,69.39,4,2,2,38.7,3,1,8,3,0.6666666666666666,762.57,32,0,-7,0,9.572750976037083
28,69,329.96,1,37.51,8,4,1,41.91,3,2,4,5,0.2,371.87,48,0,-5,1,11.33369591491419
67,67,250.52,1,26.91,3,5,2,47.18,3,1,1,3,0.3333333333333333,297.7,4,0,-7,1,10.69895038167939
18,113,769.11,1,16.08,7,11,3,36.44,2,1,10,5,0.25,805.55,60,0,-8,1,2.088013400683019
62,108,140.08,5,2.4,10,11,3,53.46,3,0,3,3,0.25,38.708000000000006,0,0,-9,1,1.7011624610150267
30,69,409.06,3,25.03,6,4,1,41.93,2,2,8,5,0.2,150.33,96,0,-4,1,6.103984782714725
58,85,448.1,1,26.13,2,5,4,30.86,2,2,3,4,0.6666666666666666,478.96000000000004,30,0,-10,1,5.818303273213092
40,62,298.61,2,10.01,11,7,1,38.65,1,2,10,3,0.125,168.63,80,0,-3,1,3.3410099796401984
69,78,178.72,5,47.03,4,9,1,26.82,3,3,2,8,0.1,41.108,54,0,-5,1,26.168484308924995
24,94,313.25,1,3.01,7,6,1,34.23,2,3,11,5,0.14285714285714285,347.48,198,0,-4,1,0.9578361177406522
45,25,131.18,3,13.45,8,11,2,24.86,2,2,4,4,0.16666666666666666,52.01333333333334,40,0,-6,0,10.175518232712966
69,90,623.43,6,36.27,3,9,1,44.58,1,4,6,8,0.1,111.335,216,0,-3,1,5.8084973495828205
46,65,167.97,2,5.72,1,11,6,26.01,2,2,1,6,0.5,96.99,14,0,-14,1,3.3852163105876785
53,92,336.21,1,6.81,8,8,2,33.88,2,0,1,2,0.2222222222222222,370.09,0,0,-6,1,2.0195130630764213
60,4,374.67,4,42.72,1,9,3,48.67,2,2,0,4,0.3,105.83500000000001,0,0,-8,0,11.371682593765804
38,43,125.72,5,31.8,6,8,3,30.99,1,1,0,4,0.3333333333333333,31.342000000000002,0,0,-7,0,25.094696969696972
40,33,448.49,3,7.8,3,4,3,55.66,2,1,2,4,0.6,168.04999999999998,10,0,-8,0,1.7353000066742306
30,36,150.82,1,37.19,4,8,5,34.03,1,1,9,3,0.5555555555555556,184.85,36,0,-11,0,24.49611381899618
25,112,461.41,5,109.28,1,11,3,42.34,2,0,7,4,0.25,100.75,0,0,-8,1,23.632706905127485
59,54,213.19,2,14.82,8,12,5,21.75,1,0,1,2,0.38461538461538464,117.47,0,0,-11,0,6.919090527102107
53,114,410.4,2,22.5,6,9,1,47.41,1,3,8,6,0.1,228.90499999999997,168,0,-3,1,5.469129800680603
32,105,390.01,2,84.53,8,9,2,35.9,2,1,6,4,0.2,212.95499999999998,30,0,-6,1,21.61837293163858
42,88,224.97,4,49.87,1,3,1,32.55,2,2,1,4,0.25,64.38,10,0,-4,1,22.06930123467717
27,96,737.98,1,48.36,11,13,1,49.33,1,4,4,9,0.07142857142857142,787.3100000000001,160,0,-3,1,6.544155457522531
66,45,573.33,3,50.66,5,10,2,28.71,2,3,8,8,0.18181818181818182,200.68000000000004,216,0,-6,0,8.820712830602615
39,96,106.07,5,23.41,7,11,3,21.37,1,2,1,5,0.25,25.488,12,0,-7,1,21.864200990006537
21,114,386.8,2,35.69,1,10,0,28.99,1,0,8,0,0.0,207.895,0,1,4,1,9.203197524497163
53,111,382.79,3,13.93,9,7,0,18.55,1,0,4,1,0.0,133.78,0,1,4,1,3.6295890982047467
27,59,1372.36,3,49.19,6,2,4,39.96,3,1,11,4,1.3333333333333333,470.7733333333333,55,0,-11,0,3.5817265684161472
55,77,476.96,4,25.64,7,11,4,31.34,3,1,2,3,0.3333333333333333,127.07499999999999,8,0,-11,1,5.364465645660725
55,102,1386.85,5,0.15,11,3,5,45.19,2,1,9,3,1.25,286.408,36,0,-12,1,0.01080808444716648
24,101,303.23,1,7.05,11,11,2,46.22,1,5,4,8,0.16666666666666666,349.45000000000005,180,0,-5,1,2.3173257075239126
66,75,281.48,3,32.89,10,12,2,50.8,2,2,1,4,0.15384615384615385,110.76,10,0,-6,1,11.643302180685358
20,34,374.01,2,15.1,5,7,3,32.15,2,0,8,3,0.375,203.07999999999998,0,0,-8,0,4.02655929175222
48,106,339.66,1,126.71,1,14,3,29.22,2,3,5,7,0.2,368.88,120,0,-8,1,37.19544413785005
50,71,254.14,6,69.59,7,4,1,55.49,3,0,9,3,0.2,51.605,0,0,-5,1,27.27522144704868
56,73,233.09,5,5.39,6,9,3,51.56,2,4,5,6,0.3,56.92999999999999,140,0,-8,1,2.302533213721218
58,33,125.78,6,42.94,11,7,1,43.77,1,1,6,4,0.125,28.258333333333336,30,0,-3,0,33.86969553557343
68,116,177.39,4,44.7,10,8,3,34.29,2,2,8,4,0.3333333333333333,52.919999999999995,80,0,-8,1,25.05745837771176
38,30,465.63,5,11.2,3,7,1,37.46,3,1,5,3,0.125,100.618,20,0,-5,0,2.400188586246062
53,32,163.46,4,0.72,8,12,3,47.89,3,2,10,5,0.23076923076923078,52.837500000000006,120,0,-9,0,0.4377964246625319
50,79,68.03,6,62.03,9,3,2,46.21,1,1,2,7,0.5,19.040000000000003,16,0,-5,1,89.85948138490511
34,21,893.66,1,33.3,2,10,3,34.3,1,2,0,4,0.2727272727272727,927.9599999999999,0,0,-7,0,3.722084367245657
31,40,393.2,5,6.54,3,14,2,33.2,3,0,9,2,0.13333333333333333,85.28,0,0,-7,0,1.6590563165905632
48,93,371.07,2,31.87,9,2,1,29.04,3,3,2,6,0.3333333333333333,200.055,42,0,-5,1,8.565592496035693
40,70,519.32,5,14.47,1,9,2,15.42,3,0,6,3,0.2,106.94800000000001,0,0,-7,1,2.7809809348093477
37,99,310.79,6,8.4,2,11,1,44.14,1,1,2,4,0.08333333333333333,59.155,10,0,-3,1,2.694121043009718
39,113,267.81,1,50.89,7,5,3,41.14,3,1,11,3,0.5,308.95,44,0,-9,1,18.931587366541425
64,110,576.64,4,1.5,2,2,7,30.6,2,0,10,2,2.3333333333333335,151.81,0,0,-16,1,0.25967730766567415
69,112,705.5,2,22.01,5,7,5,46.25,1,0,4,4,0.625,375.875,0,0,-11,1,3.1153573956121727
53,33,947.43,3,7.44,4,4,1,35.97,2,2,8,3,0.2,327.8,64,0,-4,0,0.7844543086996405
57,86,480.64,2,0.02,6,6,5,52.63,2,1,5,3,0.7142857142857143,266.635,20,0,-12,1,0.004152479029980899
64,75,125.8,1,5.47,4,4,2,48.35,3,6,7,8,0.4,174.15,378,0,-7,1,4.313880126182966
50,106,889.87,3,10.21,7,8,0,53.27,1,2,6,4,0.0,314.38,60,1,4,1,1.1460706949386554
45,35,543.54,2,5.04,6,9,5,43.56,2,0,3,4,0.5,293.54999999999995,0,0,-12,0,0.925551841921622
23,79,395.21,6,74.49,1,4,2,24.55,3,0,5,3,0.4,69.96,0,0,-7,1,18.80063602634966
22,5,199.27,3,67.34,10,5,3,38.63,3,1,9,4,0.5,79.3,45,0,-9,0,33.62460678084586
35,75,568.76,6,36.58,3,4,5,41.82,2,2,3,5,1.0,101.76333333333334,36,0,-12,1,6.420247121595057
25,62,326.42,6,2.51,3,2,0,25.13,3,2,9,3,0.0,58.59166666666667,72,1,2,1,0.766599474680838
38,117,569.52,5,0.14,11,5,2,33.96,2,0,4,3,0.3333333333333333,120.696,0,0,-6,1,0.024539017037088977
60,89,461.83,2,14.02,7,6,3,29.26,1,6,4,8,0.42857142857142855,245.545,216,0,-7,1,3.029189983363222
47,26,637.17,1,55.2,11,12,2,55.77,2,3,11,7,0.15384615384615385,692.9399999999999,264,0,-6,0,8.64973282981024
49,46,121.59,2,6.08,8,13,2,42.14,3,0,1,3,0.14285714285714285,81.86500000000001,0,0,-7,0,4.95962150256954
53,52,339.06,3,35.84,3,8,1,42.91,1,2,7,4,0.1111111111111111,127.32333333333334,70,0,-3,0,10.539316591189792
42,101,448.02,3,21.81,1,10,2,36.01,2,1,2,3,0.18181818181818182,161.34333333333333,8,0,-6,1,4.857244666161863
32,44,272.77,1,8.22,7,9,4,37.19,3,1,9,3,0.4,309.96,36,0,-11,0,3.002520363809037
26,109,482.26,1,83.68,8,5,3,44.14,2,1,1,3,0.5,526.4,4,0,-8,1,17.315730662583288
37,92,658.08,4,146.48,11,5,1,24.71,1,2,0,3,0.16666666666666666,170.69750000000002,0,0,-3,1,22.224919584875884
30,119,453.92,6,7.3,1,5,1,8.82,3,2,1,4,0.16666666666666666,77.12333333333333,10,0,-5,1,1.6046777455376768
25,106,210.74,6,87.75,11,3,1,48.28,2,4,2,6,0.25,43.169999999999995,56,0,-4,1,41.442334939076225
59,80,79.93,2,129.11,6,2,4,27.59,1,1,1,3,1.3333333333333333,53.760000000000005,4,0,-9,1,159.53292969232672
31,60,366.07,6,14.83,3,3,3,33.67,2,3,10,6,0.75,66.62333333333333,210,0,-8,0,4.04010134306808
47,77,104.16,3,94.87,7,2,2,44.98,2,0,5,4,0.6666666666666666,49.71333333333333,0,0,-6,1,90.21491061240016
19,117,425.6,1,22.71,7,9,1,24.34,2,0,10,4,0.1,449.94,0,0,-4,1,5.323488045007032
27,57,545.64,6,23.29,6,7,1,51.79,3,1,8,4,0.125,99.57166666666666,40,0,-5,0,4.260573686521293
56,71,216.93,1,105.78,2,7,5,50.06,1,1,3,6,0.625,266.99,21,0,-11,1,48.53852154361492
65,83,397.15,5,6.08,11,7,1,39.49,2,0,5,2,0.125,87.328,0,0,-4,1,1.527062664824815
54,30,66.57,1,21.54,4,2,4,22.62,2,1,11,4,1.3333333333333333,89.19,55,0,-10,0,31.878052390113957
60,58,115.9,4,74.51,3,5,1,29.78,3,0,1,5,0.16666666666666666,36.42,0,0,-5,0,63.7382378100941
45,52,347.52,3,10.79,2,13,3,17.34,1,3,4,5,0.21428571428571427,121.61999999999999,72,0,-7,0,3.0959485825777575
60,78,504.14,2,8.9,7,4,3,21.85,1,0,3,3,0.6,262.995,0,0,-7,1,1.7618877934829948
64,18,351.23,6,138.72,7,3,0,36.76,3,2,11,3,0.0,64.665,88,1,2,0,39.38335746529256
66,52,367.49,2,19.37,9,9,2,52.39,3,3,8,6,0.2,209.94,168,0,-7,0,5.256587695731228
22,84,617.18,1,4.37,5,6,4,31.01,3,0,9,3,0.5714285714285714,648.1899999999999,0,0,-11,1,0.7069138438642467
30,15,158.16,6,111.61,10,11,2,49.43,3,0,7,4,0.16666666666666666,34.598333333333336,0,0,-7,0,70.1244031163609
62,24,883.71,1,3.49,3,10,2,23.97,2,1,5,4,0.18181818181818182,907.6800000000001,25,0,-6,0,0.3944795469701936
56,104,1133.5,4,9.7,7,4,0,34.82,3,2,1,5,0.0,292.08,12,1,2,1,0.8550022036139268
42,105,249.4,4,19.76,3,14,3,12.01,2,1,3,4,0.2,65.3525,15,0,-8,1,7.891373801916933
62,57,179.94,6,6.67,5,14,5,35.39,1,0,3,3,0.3333333333333333,35.88833333333333,0,0,-11,0,3.686304852437272
32,89,182.71,2,15.34,5,5,4,20.27,1,3,10,6,0.6666666666666666,101.49000000000001,210,0,-9,1,8.350117032279135
59,94,411.69,4,67.98,4,4,4,27.55,2,2,8,5,0.8,109.81,96,0,-10,1,16.472412706874408
46,106,244.61,5,10.78,5,8,2,27.99,3,1,11,4,0.2222222222222222,54.52,55,0,-7,1,4.389072106184601
19,98,522.78,1,4.84,9,2,2,38.94,1,1,1,3,0.6666666666666666,561.72,4,0,-5,1,0.9240520829355836
26,77,204.68,5,5.6,8,12,2,41.34,1,1,2,4,0.15384615384615385,49.204,10,0,-5,1,2.722676001555815
69,24,168.78,5,38.13,10,8,1,58.82,2,0,11,2,0.1111111111111111,45.519999999999996,0,0,-4,0,22.45847567440217
60,41,484.08,3,13.24,11,11,5,28.93,1,0,0,2,0.4166666666666667,171.00333333333333,0,0,-11,0,2.7294466892059046
37,8,60.53,1,0.23,10,13,3,25.95,2,0,5,3,0.21428571428571427,86.48,0,0,-8,0,0.3738013976921827
24,56,360.68,3,12.87,3,13,2,35.39,3,1,9,2,0.14285714285714285,132.02333333333334,27,0,-7,0,3.5583941605839415
59,45,597.99,3,20.7,8,4,2,41.97,1,0,6,2,0.4,213.32000000000002,0,0,-5,0,3.455817292442278
37,35,334.58,6,42.75,5,4,1,63.36,3,1,11,2,0.2,66.32333333333334,33,0,-5,0,12.739138208474879
30,64,282.05,3,49.07,8,10,3,42.68,2,2,4,4,0.2727272727272727,108.24333333333334,40,0,-8,1,17.336159689100867
33,43,424.42,1,0.17,2,4,2,28.23,2,0,9,3,0.4,452.65000000000003,0,0,-6,0,0.039960509614028486
30,101,102.23,5,22.56,5,5,3,28.58,1,0,0,2,0.5,26.162,0,0,-7,1,21.85411217669282
34,60,217.35,5,18.4,5,10,1,34.07,1,2,0,4,0.09090909090909091,50.284,0,0,-3,0,8.426837645981223
21,46,262.34,6,2.51,11,11,4,41.05,2,2,3,8,0.3333333333333333,50.565,54,0,-10,0,0.9531404268246373
37,52,105.05,1,9.85,6,11,2,35.03,2,3,6,5,0.16666666666666666,140.07999999999998,108,0,-6,0,9.288071664309289
48,40,48.55,6,2.39,7,11,4,29.46,3,0,6,2,0.3333333333333333,13.001666666666665,0,0,-11,0,4.823410696266398
21,51,381.61,3,23.81,5,13,3,35.79,2,2,7,4,0.21428571428571427,139.13333333333335,70,0,-8,0,6.223046966885339
26,19,406.5,5,54.26,6,12,3,42.29,2,2,10,7,0.23076923076923078,89.75800000000001,160,0,-8,0,13.315337423312885
34,25,397.06,2,46.37,3,4,4,33.63,3,1,8,5,0.8,215.345,48,0,-11,0,11.648997638546952
35,50,264.52,6,7.37,6,13,3,40.89,3,1,2,5,0.21428571428571427,50.901666666666664,12,0,-9,0,2.7756854474239234
43,19,224.28,1,18.44,5,9,1,26.18,3,2,1,4,0.1,250.46,10,0,-5,0,8.185369318181818
33,32,337.35,4,4.36,8,7,1,54.48,1,1,11,4,0.125,97.95750000000001,55,0,-3,0,1.2886064725875572
26,58,339.9,5,29.12,6,10,2,32.35,3,3,11,7,0.18181818181818182,74.45,264,0,-7,0,8.542094455852158
47,106,680.72,5,21.68,7,4,2,43.0,1,2,3,4,0.4,144.744,30,0,-5,1,3.1801912808777795
29,111,247.62,5,12.71,7,8,0,31.22,2,1,1,1,0.0,55.76800000000001,2,1,3,1,5.112219451371571
67,20,87.08,2,15.68,1,6,1,53.79,3,1,3,3,0.14285714285714285,70.435,12,0,-5,0,17.80199818346957
67,60,1132.9,2,37.85,1,7,4,44.91,2,3,3,6,0.5,588.9050000000001,63,0,-10,0,3.3380368639209803
40,95,398.94,2,5.22,7,2,2,67.63,3,0,1,3,0.6666666666666666,233.285,0,0,-7,1,1.3051957793669051
34,25,384.22,6,10.71,6,7,2,17.16,3,2,6,4,0.25,66.89666666666668,60,0,-7,0,2.7802294792586055
40,56,98.69,4,15.38,11,10,2,45.74,1,2,8,7,0.18181818181818182,36.1075,128,0,-5,0,15.427826261410374
19,91,500.29,4,23.32,7,13,5,23.36,3,0,4,3,0.35714285714285715,130.9125,0,0,-13,1,4.6519978455584585
51,108,433.58,3,23.48,8,5,2,29.99,2,3,11,6,0.3333333333333333,154.52333333333334,231,0,-6,1,5.402917759676009
44,62,274.26,6,14.12,10,5,0,33.54,2,2,8,3,0.0,51.300000000000004,64,1,3,1,5.129695560560924
52,118,441.65,3,17.45,9,6,2,23.52,1,3,6,6,0.2857142857142857,155.05666666666664,126,0,-5,1,3.9421664972325763
25,28,189.76,3,39.8,4,2,2,27.94,2,1,5,3,0.6666666666666666,72.56666666666666,20,0,-6,0,20.86391276997274
18,75,374.21,1,56.94,4,12,4,65.91,3,1,2,5,0.3076923076923077,440.12,12,0,-11,1,15.17550171903734
57,48,922.81,4,18.2,9,11,1,39.85,1,2,10,5,0.08333333333333333,240.665,120,0,-3,0,1.9701020772669706
52,17,451.04,6,78.42,3,7,1,52.0,3,1,6,4,0.125,83.84,30,0,-5,0,17.3480222989116
40,115,262.62,3,8.32,3,4,6,46.55,2,1,0,3,1.2,103.05666666666667,0,0,-14,1,3.1560579622183447
67,39,326.8,3,0.51,2,9,5,22.39,3,0,4,4,0.5,116.39666666666666,0,0,-13,0,0.15558267236119586
49,95,259.39,1,8.78,5,2,5,56.7,3,0,0,4,1.6666666666666667,316.09,0,0,-13,1,3.37186527900457
61,52,678.12,5,77.02,1,8,3,51.03,2,1,10,4,0.3333333333333333,145.82999999999998,50,0,-8,0,11.341147367181058
38,58,224.41,2,23.93,10,3,2,36.12,2,3,0,5,0.5,130.265,0,0,-6,0,10.616210460937847
41,102,578.71,5,14.87,3,2,2,46.02,1,0,5,2,0.6666666666666666,124.946,0,0,-5,1,2.56507564126891
41,43,51.75,6,36.92,2,13,2,47.69,2,2,0,6,0.14285714285714285,16.573333333333334,0,0,-6,0,69.99052132701422
40,26,211.81,3,6.76,8,8,1,26.44,3,0,6,2,0.1111111111111111,79.41666666666667,0,0,-5,0,3.176542455711667
45,90,1046.13,1,5.22,8,13,2,37.11,2,1,3,5,0.14285714285714285,1083.24,18,0,-6,1,0.498505438675236
45,57,533.08,6,5.45,7,9,1,9.67,1,5,5,8,0.1,90.45833333333333,225,0,-3,0,1.020446375074895
47,52,189.76,3,107.58,2,4,1,32.21,2,1,0,5,0.2,73.99,0,0,-4,0,56.39547074858461
29,113,688.33,1,46.3,4,8,0,44.52,2,0,5,3,0.0,732.85,0,1,3,1,6.716666908447332
26,73,374.93,3,54.23,1,7,5,37.95,1,1,11,6,0.625,137.62666666666667,77,0,-11,1,14.425557949618279
35,92,211.04,1,30.35,8,3,1,25.04,3,3,8,5,0.25,236.07999999999998,144,0,-5,1,14.313337106206378
32,74,267.62,4,128.32,11,12,1,30.59,2,2,1,5,0.07692307692307693,74.5525,12,0,-4,1,47.770084133720495
26,110,474.72,4,67.29,11,7,5,20.34,3,3,10,6,0.625,123.765,210,0,-13,1,14.144875136634996
38,12,347.19,3,22.72,8,5,4,40.81,1,1,10,3,0.6666666666666666,129.33333333333334,40,0,-9,0,6.525173037709296
51,108,142.86,3,28.3,4,13,0,58.16,1,2,3,4,0.0,67.00666666666667,30,1,4,1,19.67190323926039
22,20,184.64,5,70.89,3,13,1,37.85,2,2,10,4,0.07142857142857142,44.498,100,0,-4,0,38.18681318681319
25,51,758.04,2,11.11,9,11,4,49.94,2,2,11,4,0.3333333333333333,403.99,110,0,-10,0,1.4636909780775718
20,59,565.66,4,25.04,1,8,1,23.7,2,2,4,4,0.1111111111111111,147.34,40,0,-4,0,4.418875516182543
49,50,193.2,2,79.61,8,14,2,51.27,2,0,3,2,0.13333333333333333,122.235,0,0,-6,0,40.99382080329557
58,107,426.27,5,2.55,7,11,3,54.33,3,4,10,8,0.25,96.11999999999999,360,0,-9,1,0.5968123200786388
50,47,516.65,4,1.33,4,9,3,26.85,1,4,11,8,0.3,135.875,396,0,-7,0,0.2569303583502367
64,69,550.17,4,34.27,9,12,0,45.49,1,1,7,2,0.0,148.915,21,1,4,1,6.21768238474518
48,13,481.95,2,19.57,7,6,3,43.74,1,0,11,4,0.42857142857142855,262.84499999999997,0,0,-7,0,4.052179314628844
52,12,173.52,6,14.92,4,12,3,29.28,2,2,11,6,0.23076923076923078,33.800000000000004,154,0,-8,0,8.549163419665367
43,118,233.81,1,2.01,7,8,1,63.41,1,5,4,8,0.1111111111111111,297.22,180,0,-3,1,0.8560112431327455
48,115,788.38,3,18.53,11,11,5,24.37,2,1,5,6,0.4166666666666667,270.9166666666667,35,0,-12,1,2.347411892877955
55,69,279.97,2,27.58,5,3,1,25.79,1,0,3,1,0.25,152.88000000000002,0,0,-3,1,9.815994590169767
42,48,253.67,3,11.0,9,14,4,51.28,1,3,4,6,0.26666666666666666,101.64999999999999,84,0,-9,0,4.319315192209526
27,2,487.38,2,5.31,2,2,1,44.65,2,2,0,3,0.3333333333333333,266.015,0,0,-4,0,1.0872681108972522
59,116,357.75,4,11.4,4,5,1,44.72,2,2,4,6,0.16666666666666666,100.6175,56,0,-4,1,3.1777003484320563
49,103,1027.38,6,14.25,7,12,3,40.93,1,0,7,4,0.23076923076923078,178.0516666666667,0,0,-7,1,1.3856745560979404
44,118,427.64,1,0.34,3,10,2,45.33,3,2,10,5,0.18181818181818182,472.96999999999997,120,0,-7,1,0.07932064203060844
40,60,121.56,3,91.95,6,6,3,24.88,2,1,9,3,0.42857142857142855,48.81333333333333,36,0,-8,0,75.02447780678851
45,75,482.15,2,37.46,4,12,5,21.47,2,4,6,7,0.38461538461538464,251.81,192,0,-12,1,7.753285729069647
55,21,187.18,3,2.86,10,6,1,35.7,3,3,4,6,0.14285714285714285,74.29333333333334,84,0,-5,0,1.5198214475502176
47,88,323.9,6,7.55,6,12,4,46.86,1,1,10,5,0.3076923076923077,61.79333333333333,60,0,-9,1,2.3237919359803016
25,27,718.7,4,46.23,7,10,3,27.76,2,0,11,2,0.2727272727272727,186.615,0,0,-8,0,6.4235097957482274
21,75,72.52,5,34.44,4,9,2,55.51,2,2,6,4,0.2,25.606,60,0,-6,1,46.84439608269859
56,17,119.54,3,23.79,2,2,1,59.2,2,0,7,4,0.3333333333333333,59.580000000000005,0,0,-4,0,19.736187157789946
61,66,225.29,6,24.51,2,5,0,40.58,2,0,0,2,0.0,44.31166666666667,0,1,3,1,10.831234256926953
54,74,44.28,5,12.11,10,2,1,11.14,1,3,1,6,0.3333333333333333,11.084,21,0,-3,1,26.744699646643106
56,36,133.98,1,52.6,11,12,0,55.25,2,0,6,1,0.0,189.23,0,1,3,0,38.9687361090532
18,84,279.65,6,15.36,8,8,3,19.07,1,0,3,3,0.3333333333333333,49.78666666666666,0,0,-7,1,5.473009086050241
64,56,425.3,1,31.16,8,13,3,32.52,2,1,7,3,0.21428571428571427,457.82,28,0,-8,0,7.309406521229181
58,106,198.12,6,28.95,2,14,3,55.7,1,2,9,8,0.2,42.303333333333335,162,0,-7,1,14.538971474487743
54,27,56.94,3,14.17,4,9,3,40.11,3,2,7,4,0.3,32.35,70,0,-9,0,24.45633413876424
50,113,220.81,3,30.73,6,7,3,45.96,1,1,4,3,0.375,88.92333333333333,16,0,-7,1,13.854199540146972
40,62,324.49,5,58.37,1,5,2,38.72,1,0,10,2,0.3333333333333333,72.64200000000001,0,0,-5,1,17.93296261021844
65,70,150.48,4,54.59,5,12,0,50.12,1,1,2,2,0.0,50.15,6,1,4,1,36.03776076049644
52,83,1474.92,6,25.22,8,8,1,41.48,2,1,11,2,0.1111111111111111,252.73333333333335,33,0,-4,1,1.7087647026939128
58,46,80.57,5,16.79,2,13,2,47.61,3,3,4,6,0.14285714285714285,25.636000000000003,84,0,-7,0,20.583547872992522
56,57,573.51,4,5.3,1,13,3,25.77,1,0,1,2,0.21428571428571427,149.82,0,0,-7,0,0.9225252824145793
38,112,190.64,4,105.31,3,4,0,41.36,3,0,6,1,0.0,58.0,0,1,2,1,54.951993320809855
62,94,87.73,2,61.55,8,13,1,23.42,1,2,3,5,0.07142857142857142,55.575,36,0,-3,1,69.36774484390848
43,51,402.62,5,1.3,1,7,0,64.08,1,1,7,2,0.0,93.34,21,1,4,0,0.3220851295773252
53,23,557.8,4,0.31,9,8,5,44.25,1,3,10,5,0.5555555555555556,150.5125,180,0,-11,0,0.05547602004294919
58,111,1037.66,6,9.09,3,13,1,37.71,1,3,7,6,0.07142857142857142,179.22833333333335,147,0,-3,1,0.8751660793714979
51,32,1522.94,3,24.33,9,13,2,40.8,1,2,5,5,0.14285714285714285,521.2466666666667,60,0,-5,0,1.596519548013701
53,5,242.57,5,21.93,8,3,0,22.11,2,3,9,5,0.0,52.936,162,1,3,0,9.003571868456707
30,45,292.7,3,13.71,3,5,4,34.3,1,2,10,4,0.6666666666666666,109.0,100,0,-9,0,4.668028600612871
39,61,317.11,1,6.86,11,6,4,32.21,1,4,11,6,0.5714285714285714,349.32,308,0,-9,1,2.1564867498663984
48,31,28.5,4,3.17,1,7,4,36.46,2,1,3,3,0.5,16.240000000000002,12,0,-10,0,10.745762711864407
67,51,739.57,4,30.17,11,2,2,10.35,2,2,1,5,0.6666666666666666,187.48000000000002,12,0,-6,0,4.073889031421743
53,101,471.9,5,15.14,2,8,1,34.83,2,2,7,4,0.1111111111111111,101.34599999999999,70,0,-4,1,3.201522520617467
42,32,427.42,4,14.98,8,6,2,27.84,1,3,7,5,0.2857142857142857,113.815,126,0,-5,0,3.496568787638299
51,5,109.66,6,5.88,6,14,1,33.27,3,0,11,3,0.06666666666666667,23.82166666666667,0,0,-5,0,5.313573106813664
63,66,545.98,5,18.22,2,2,2,42.4,3,2,8,3,0.6666666666666666,117.676,64,0,-7,1,3.3310175874803463
30,17,354.6,5,32.14,5,8,3,54.52,3,2,11,3,0.3333333333333333,81.824,88,0,-9,0,9.03824521934758
67,80,698.88,4,40.52,10,4,2,57.85,1,0,5,3,0.4,189.1825,0,0,-5,1,5.789563925244328
55,86,252.97,3,19.83,11,13,2,30.24,1,0,7,2,0.14285714285714285,94.40333333333332,0,0,-5,1,7.808008819939362
21,51,181.12,4,22.57,3,14,0,37.45,2,2,9,6,0.0,54.6425,126,1,3,0,12.39292773995168
63,39,421.33,4,51.01,6,12,1,46.14,3,2,11,4,0.07692307692307693,116.86749999999999,110,0,-5,0,12.078232661662682
20,1,458.95,2,9.51,10,6,4,28.23,3,0,10,3,0.5714285714285714,243.59,0,0,-11,0,2.067616045222307
60,76,34.42,1,11.2,7,6,2,32.08,3,2,9,5,0.2857142857142857,66.5,108,0,-7,1,31.62055335968379
67,28,371.71,3,3.26,3,10,3,31.83,2,2,8,6,0.2727272727272727,134.51333333333332,112,0,-8,0,0.8746746800461485
24,99,351.61,4,86.68,10,6,3,40.07,1,2,5,5,0.42857142857142855,97.92,60,0,-7,1,24.582399818496356
32,90,357.3,3,3.7,10,9,4,42.53,1,0,3,3,0.4,133.27666666666667,0,0,-9,1,1.0326542003907342
66,109,448.69,1,23.87,10,2,4,33.67,2,0,6,4,1.3333333333333333,482.36,0,0,-10,1,5.308101136338367
27,10,446.45,3,12.22,1,4,4,19.24,3,2,3,5,0.8,155.23,36,0,-11,0,2.7310314001564424
33,31,397.15,6,9.23,7,8,2,50.58,1,1,3,4,0.2222222222222222,74.62166666666666,15,0,-5,0,2.3182217757126713
54,68,480.03,3,14.53,1,4,4,47.91,1,3,8,5,0.8,175.98,144,0,-9,1,3.0206016256782324
34,70,382.88,5,69.09,8,14,0,50.28,3,2,10,4,0.0,86.63199999999999,100,1,2,1,17.99781181619256
43,105,205.41,4,18.64,11,8,1,36.98,1,0,11,1,0.1111111111111111,60.5975,0,0,-3,1,9.030570224310837
37,4,216.05,2,8.62,1,9,3,47.71,2,1,4,4,0.3,131.88,20,0,-8,0,3.9714351531905083
37,61,141.37,5,48.13,11,11,0,30.74,2,0,2,0,0.0,34.422000000000004,0,1,3,1,33.80627941279764
37,18,483.13,5,40.22,7,2,3,38.02,3,2,0,5,1.0,104.22999999999999,0,0,-9,0,8.307685952120298
19,6,548.3,6,13.42,7,6,2,54.82,3,1,2,3,0.2857142857142857,100.52,8,0,-7,0,2.4431094119788823
69,45,294.35,5,124.56,1,5,1,48.81,1,1,1,5,0.16666666666666666,68.632,6,0,-3,0,42.17369222955815
64,57,200.1,1,109.8,1,9,5,44.12,1,1,2,3,0.5,244.22,8,0,-11,0,54.599701640974644
56,15,237.82,1,44.05,3,8,4,47.95,2,0,5,3,0.4444444444444444,285.77,0,0,-10,0,18.44485386483544
31,19,493.15,5,31.89,11,8,2,21.14,2,0,9,2,0.2222222222222222,102.85799999999999,0,0,-6,0,6.453506020439138
46,11,699.71,5,85.83,10,5,2,50.87,3,1,6,2,0.3333333333333333,150.116,18,0,-7,0,12.249004581067775
59,59,578.24,4,17.71,11,5,0,35.58,3,3,8,5,0.0,153.455,144,1,2,0,3.057454595677094
33,58,274.14,5,12.82,4,14,2,40.75,1,0,2,3,0.13333333333333333,62.977999999999994,0,0,-5,0,4.659446100167188
50,70,391.66,4,0.25,11,3,2,59.78,2,1,6,4,0.5,112.86000000000001,30,0,-6,1,0.06366831355371058
36,92,282.15,4,26.43,1,10,2,40.96,1,0,10,4,0.18181818181818182,80.77749999999999,0,0,-5,1,9.334275119194773
31,72,135.56,1,15.66,1,4,1,40.94,2,1,0,7,0.2,176.5,0,0,-4,1,11.46748681898067
41,87,145.53,2,20.66,3,7,0,67.84,2,1,2,2,0.0,106.685,6,1,3,1,14.099501808503378
49,104,234.6,4,69.5,5,12,3,22.56,1,2,8,7,0.23076923076923078,64.28999999999999,128,0,-7,1,29.499151103565364
47,95,175.25,4,58.83,2,9,1,37.18,1,1,2,4,0.1,53.1075,10,0,-3,1,33.37872340425532
25,74,203.79,2,53.64,4,2,2,35.86,2,0,5,3,0.6666666666666666,119.82499999999999,0,0,-6,1,26.192685189706534
42,66,422.44,3,65.15,2,5,1,39.45,2,2,9,4,0.16666666666666666,153.96333333333334,90,0,-4,1,15.38588702059324
18,50,309.37,2,40.6,10,8,1,52.17,3,3,2,4,0.1111111111111111,180.77,30,0,-5,0,13.081161194703098
21,47,143.82,3,42.0,9,8,3,51.74,1,2,3,5,0.3333333333333333,65.18666666666667,36,0,-7,0,29.001519127192378
34,107,264.22,5,19.4,7,7,4,43.66,1,3,2,7,0.5,61.576,48,0,-9,1,7.314682150667369
18,84,777.07,3,15.61,5,6,0,41.61,2,3,1,5,0.0,272.8933333333334,18,1,3,1,2.006246224632745
30,13,228.76,3,26.71,7,5,0,44.83,2,1,6,2,0.0,91.19666666666666,18,1,3,0,11.625174094707521
24,110,446.74,4,66.49,1,8,2,42.94,1,0,9,4,0.2222222222222222,122.42,0,0,-5,1,14.850136239782014
22,51,117.19,3,18.67,5,9,2,54.84,2,2,6,4,0.2,57.343333333333334,60,0,-6,0,15.796598697013287
57,59,378.62,5,23.11,11,12,2,42.5,2,3,4,7,0.15384615384615385,84.224,96,0,-6,0,6.087666613982403
34,119,508.03,4,28.57,1,7,2,44.75,3,1,11,3,0.25,138.195,44,0,-7,1,5.612635797497201
51,70,411.01,6,37.47,3,9,2,30.59,1,0,7,2,0.2,73.6,0,0,-5,1,9.094439455353024
22,82,491.95,4,26.06,6,8,3,29.74,1,0,0,4,0.3333333333333333,130.42249999999999,0,0,-7,1,5.286540217060553
61,24,344.99,1,16.15,5,12,2,31.62,3,2,5,3,0.15384615384615385,376.61,40,0,-7,0,4.667764964305326
21,32,463.01,2,19.37,3,14,3,46.85,1,1,4,5,0.2,254.93,24,0,-7,0,4.174478998297451
60,117,7.76,4,29.21,1,6,4,25.37,1,3,7,7,0.5714285714285714,8.2825,168,0,-9,1,333.44748858447485
34,89,155.97,5,11.39,5,2,3,33.04,1,3,6,6,1.0,37.802,126,0,-7,1,7.256163598139772
37,116,117.91,3,9.47,6,5,0,43.12,1,2,9,5,0.0,53.67666666666667,108,1,4,1,7.964006391388445
65,113,283.62,6,133.64,8,4,1,28.63,1,2,11,5,0.2,52.041666666666664,132,0,-3,1,46.953833181083546
28,92,485.61,3,35.78,3,13,1,47.55,3,1,7,5,0.07142857142857142,177.72,42,0,-5,1,7.352910955385217
65,57,540.55,2,22.89,9,9,1,48.24,3,1,7,3,0.1,294.395,28,0,-5,0,4.226756532176162
35,118,537.47,4,0.63,9,2,4,41.58,3,0,6,2,1.3333333333333333,144.76250000000002,0,0,-11,1,0.11699816145746281
35,65,295.55,5,12.3,2,9,0,32.61,3,1,4,1,0.0,65.632,8,1,2,1,4.147698533131006
45,78,58.07,5,43.23,4,10,0,31.97,3,0,11,2,0.0,18.008,0,1,2,1,73.18435754189943
61,11,568.03,6,36.79,5,7,2,18.62,2,1,3,4,0.25,97.77499999999999,15,0,-6,0,6.465388468094828
40,61,308.68,5,20.69,1,8,0,36.98,2,0,4,1,0.0,69.132,0,1,3,1,6.6810901575820205
44,9,1075.37,2,0.87,11,7,0,26.33,3,0,6,0,0.0,550.8499999999999,0,1,2,0,0.08082722483904234
19,10,722.59,1,13.43,1,12,3,21.72,2,2,2,5,0.23076923076923078,744.3100000000001,24,0,-8,0,1.8560234386876546
63,79,908.95,4,43.43,4,12,0,28.28,1,0,5,2,0.0,234.3075,0,1,4,1,4.772789713720534
28,82,289.1,1,36.66,6,6,2,37.6,2,1,2,3,0.2857142857142857,326.70000000000005,8,0,-6,1,12.63702171664943
38,8,702.2,3,4.21,6,5,1,38.38,2,2,2,7,0.16666666666666666,246.86,32,0,-4,0,0.5986916951080773
37,47,147.41,4,68.04,8,4,2,19.83,2,1,3,3,0.4,41.81,12,0,-6,0,45.845967252880534
55,98,1172.8,6,21.18,4,9,1,45.23,1,0,10,3,0.1,203.005,0,0,-3,1,1.8043959788720396
45,57,635.09,5,19.89,4,11,0,33.25,1,2,6,6,0.0,133.668,84,1,4,0,3.126916002452483
18,102,62.54,4,43.26,7,6,2,17.98,3,2,7,5,0.2857142857142857,20.13,84,0,-7,1,68.08309726156752
62,71,441.62,6,4.1,7,11,5,17.16,1,3,11,7,0.4166666666666667,76.46333333333334,264,0,-11,1,0.9263024716461072
48,45,289.31,5,2.66,3,14,1,41.1,3,0,9,4,0.06666666666666667,66.08200000000001,0,0,-5,0,0.9162619269057214
38,117,184.42,2,21.94,5,7,2,43.18,3,1,1,5,0.25,113.8,6,0,-7,1,11.832596267932264
54,112,1247.83,2,5.25,4,13,0,32.55,2,1,4,1,0.0,640.1899999999999,8,1,3,1,0.4203934883050536
23,11,137.54,3,20.85,10,2,3,32.97,1,0,5,2,1.0,56.836666666666666,0,0,-7,0,15.04980511043742
40,53,147.47,4,92.68,2,14,1,32.52,3,2,10,4,0.06666666666666667,44.9975,100,0,-5,0,62.423385195662426
50,49,393.82,4,79.57,4,11,3,53.5,3,3,2,7,0.25,111.83,48,0,-9,0,20.15348766526518
36,96,912.65,1,6.72,11,4,5,40.62,3,5,0,8,1.0,953.27,0,0,-13,1,0.7355114102774585
35,24,519.41,6,6.98,9,5,2,9.73,3,0,4,5,0.3333333333333333,88.19,0,0,-7,0,1.3412501681366615
50,118,316.61,4,39.48,5,4,8,36.26,2,2,1,4,1.6,88.2175,10,0,-18,1,12.43033909511665
30,114,1248.46,5,59.49,11,4,4,65.58,3,1,10,3,0.8,262.808,40,0,-11,1,4.7612568629648
52,95,819.13,2,10.11,2,11,1,44.86,2,3,5,7,0.08333333333333333,431.995,120,0,-4,1,1.232731396242059
55,33,402.01,4,40.75,1,3,0,21.99,3,2,4,3,0.0,106.0,32,1,2,0,10.11141162750304
29,27,238.96,5,7.33,7,3,2,40.61,3,3,2,6,0.5,55.914,42,0,-7,0,3.054675779296549
66,78,346.65,5,50.02,10,10,2,59.57,2,0,4,2,0.18181818181818182,81.244,0,0,-6,1,14.388033942183231
64,112,157.66,1,0.3,8,12,2,40.78,1,1,4,5,0.15384615384615385,198.44,24,0,-5,1,0.18908357494012354
22,17,629.21,3,4.53,7,8,4,41.62,2,2,1,4,0.4444444444444444,223.61,10,0,-10,0,0.7188080163754939
28,99,1095.19,5,43.47,11,9,0,70.01,2,3,8,3,0.0,233.04000000000002,96,1,3,1,3.9655534168346724
29,110,106.3,5,3.06,7,7,3,41.63,3,4,9,6,0.375,29.586000000000002,252,0,-9,1,2.8518173345759554
52,116,148.25,5,37.57,8,3,1,29.75,2,2,1,7,0.25,35.6,16,0,-4,1,25.172529313232832
62,81,42.28,1,39.12,9,3,4,47.8,3,1,11,5,1.0,90.08,66,0,-11,1,90.38817005545286
57,31,703.68,3,12.83,10,11,2,49.9,1,1,9,4,0.16666666666666666,251.1933333333333,45,0,-5,0,1.8206845660441622
41,8,168.43,5,43.05,7,9,2,39.44,2,2,8,5,0.2,41.574,96,0,-6,0,25.408723366582066
61,83,126.06,2,31.41,11,14,2,22.18,2,2,8,5,0.13333333333333333,74.12,96,0,-6,1,24.720604438847786
63,69,574.37,6,0.58,9,10,2,40.74,3,1,9,4,0.18181818181818182,102.51833333333333,45,0,-7,1,0.1008046995846151
65,80,454.29,5,74.57,4,12,1,49.77,1,1,4,5,0.07692307692307693,100.812,24,0,-3,1,16.378571899229062
38,110,844.24,6,18.37,3,4,1,39.89,1,2,4,4,0.2,147.355,40,0,-3,1,2.1733472149921917
41,70,335.79,4,24.22,6,12,2,49.03,1,4,9,9,0.15384615384615385,96.20500000000001,360,0,-5,1,7.19142492354286
20,61,370.21,3,24.93,10,7,1,41.49,3,2,2,5,0.125,137.23333333333332,24,0,-5,1,6.7158751111230846
32,55,514.86,1,12.99,7,5,1,32.46,1,2,4,5,0.16666666666666666,547.32,48,0,-3,0,2.5181250726941418
20,39,478.48,2,1.91,5,13,1,19.27,3,2,1,5,0.07142857142857142,248.875,12,0,-5,0,0.39834821056144154
38,109,303.79,3,1.84,9,8,2,33.76,3,4,4,7,0.2222222222222222,112.51666666666667,128,0,-7,1,0.6036943469273927
23,95,372.87,5,64.61,7,3,5,52.56,1,0,8,2,1.25,85.086,0,0,-11,1,17.281407976034448
22,2,1417.73,6,93.25,9,5,2,22.51,3,1,8,4,0.3333333333333333,240.04,40,0,-7,0,6.5727798805974365
54,5,404.13,6,19.41,2,10,3,25.98,2,4,10,6,0.2727272727272727,71.685,280,0,-8,0,4.791054723175278
23,60,1011.99,1,1.29,8,14,3,13.34,2,1,9,3,0.2,1025.33,36,0,-8,0,0.12734577833937158
58,73,171.4,5,50.19,7,11,2,24.77,3,1,0,4,0.16666666666666666,39.234,0,0,-7,1,29.11252900232018
57,17,314.17,6,121.0,3,8,7,44.65,1,1,1,4,0.7777777777777778,59.803333333333335,5,0,-15,0,38.39197893200495
60,86,161.35,6,31.79,10,7,0,39.77,3,2,7,5,0.0,33.52,84,1,2,1,19.581151832460733
28,42,140.84,2,78.2,11,5,1,38.3,3,3,0,6,0.16666666666666666,89.57,0,0,-5,0,55.13254371122392
20,44,352.13,1,98.54,3,3,2,21.14,3,0,0,2,0.5,373.27,0,0,-7,0,27.904737632033534
69,99,232.1,4,47.45,7,6,2,43.75,3,1,1,3,0.2857142857142857,68.9625,4,0,-7,1,20.356070356070358
60,3,81.77,2,30.91,10,9,2,41.66,3,2,9,4,0.2,61.714999999999996,90,0,-7,0,37.34444847166848
39,112,531.95,1,51.91,7,13,3,51.81,2,1,8,3,0.21428571428571427,583.76,32,0,-8,1,9.740125715357912
65,115,263.6,4,30.95,5,13,2,27.83,2,2,6,6,0.14285714285714285,72.8575,84,0,-6,1,11.696900982615267
67,33,302.89,2,22.97,5,10,0,58.88,3,1,2,1,0.0,180.885,4,1,2,0,7.5586560926651085
50,21,916.97,1,55.2,8,3,1,43.57,1,0,11,2,0.25,960.5400000000001,0,0,-3,0,6.013268407464296
50,16,307.56,2,7.94,8,5,2,34.88,1,1,3,3,0.3333333333333333,171.22,12,0,-5,0,2.5732434534612394
52,12,73.61,2,16.07,7,12,0,36.42,2,1,5,3,0.0,55.015,20,1,3,0,21.538667738908995
57,79,225.33,3,179.99,6,14,0,59.57,3,2,8,4,0.0,94.96666666666668,80,1,2,1,79.52547165643088
38,1,555.58,6,11.69,10,11,1,41.86,1,0,10,4,0.08333333333333333,99.57333333333334,0,0,-3,0,2.1003269970174996
46,90,460.54,5,6.15,3,13,3,40.54,3,1,6,3,0.21428571428571427,100.21600000000001,24,0,-9,1,1.332495558348139
39,58,233.82,3,9.16,8,3,1,56.32,3,2,1,3,0.25,96.71333333333332,8,0,-5,0,3.900860233370241
32,112,572.3,4,21.25,8,10,4,36.76,2,2,2,5,0.36363636363636365,152.265,24,0,-10,1,3.706610849467993
61,77,548.28,4,6.97,8,10,4,23.73,2,0,9,5,0.36363636363636365,143.0025,0,0,-10,1,1.2689338770754444
41,63,701.89,1,2.79,7,10,2,54.23,3,0,3,2,0.18181818181818182,756.12,0,0,-7,1,0.3969326637169401
24,70,167.6,5,17.6,9,14,2,43.46,2,0,8,2,0.13333333333333333,42.212,0,0,-6,1,10.43890865954923
19,9,606.49,5,39.05,1,2,2,46.72,1,0,8,3,0.6666666666666666,130.642,0,0,-5,0,6.428089351265041
48,9,785.3,6,3.17,10,12,1,39.0,2,1,8,6,0.07692307692307693,137.38333333333333,56,0,-4,0,0.40315401246343635
52,22,721.52,4,111.71,1,3,1,16.65,1,0,8,4,0.25,184.5425,0,0,-3,0,15.46116370481094
29,117,202.43,4,4.8,10,4,3,25.72,3,0,7,4,0.6,57.0375,0,0,-9,1,2.3595339920365723
44,29,397.87,4,16.18,1,6,3,34.26,2,1,3,5,0.42857142857142855,108.0325,18,0,-8,0,4.056459498082082
57,90,122.34,4,44.0,6,6,2,25.19,2,1,6,3,0.2857142857142857,36.8825,24,0,-6,1,35.673747365007294
39,111,491.87,3,34.41,5,11,3,27.47,2,0,6,3,0.25,173.11333333333334,0,0,-8,1,6.981557002860795
51,26,438.42,4,58.04,10,9,3,29.39,1,0,1,4,0.3,116.9525,0,0,-7,0,13.208320058258613
49,65,194.45,4,72.38,2,3,3,31.22,1,4,10,6,0.75,56.4175,280,0,-7,1,37.03248912765413
20,44,756.14,5,114.99,4,3,4,51.66,3,4,4,7,1.0,161.56,128,0,-11,0,15.187415801569063
56,63,419.32,3,6.0,8,3,4,43.58,2,0,3,3,1.0,154.29999999999998,0,0,-10,1,1.427483821850019
43,109,324.93,6,0.36,11,10,4,11.57,1,1,0,4,0.36363636363636365,56.083333333333336,0,0,-9,1,0.11045316478998557
44,102,133.53,1,3.26,6,3,1,29.18,3,2,10,5,0.25,162.71,120,0,-5,1,2.42325131940831
68,35,272.27,2,45.75,1,2,2,44.38,1,0,2,1,0.6666666666666666,158.325,0,0,-5,0,16.741684048743004
20,102,269.86,3,60.74,3,11,2,31.3,2,3,9,5,0.16666666666666666,100.38666666666667,162,0,-6,1,22.42486893598169
66,86,379.89,5,0.12,4,14,0,47.8,1,1,10,1,0.0,85.538,20,1,4,1,0.0315051589697813
29,102,297.68,4,55.26,7,12,2,55.3,2,1,4,3,0.15384615384615385,88.245,16,0,-6,1,18.501406187223786
46,20,585.77,5,48.92,8,14,3,40.15,1,2,10,5,0.2,125.184,120,0,-7,0,8.337167885202039
61,69,381.54,1,5.89,2,14,2,27.48,2,3,8,6,0.13333333333333333,409.02000000000004,168,0,-6,1,1.539708265802269
48,12,301.48,2,9.62,8,11,0,15.01,3,2,9,4,0.0,158.245,90,1,2,0,3.1803755620206293
53,103,139.18,1,21.63,5,6,4,19.4,2,2,3,5,0.5714285714285714,158.58,36,0,-10,1,15.430161221286914
43,53,101.0,5,12.18,2,14,2,40.28,2,1,9,5,0.13333333333333333,28.256,54,0,-6,0,11.941176470588236
37,5,526.86,2,9.22,7,10,0,57.65,3,2,10,3,0.0,292.255,80,1,2,0,1.7466752548024096
41,18,421.28,6,11.18,3,11,1,69.55,3,0,5,3,0.08333333333333333,81.80499999999999,0,0,-5,0,2.6475324429288625
63,47,410.21,4,74.57,4,13,1,26.16,3,1,6,3,0.07142857142857142,109.0925,24,0,-5,0,18.134286617543346
42,30,538.87,2,2.64,1,8,5,60.65,3,1,6,3,0.5555555555555556,299.76,24,0,-13,0,0.4890066127030582
50,89,143.7,3,2.63,2,14,1,23.55,3,2,6,5,0.06666666666666667,55.75,72,0,-5,1,1.817553559087768
19,5,640.01,5,69.97,3,7,3,25.18,1,1,7,5,0.375,133.03799999999998,42,0,-7,0,10.915586340306703
62,45,719.25,4,5.28,6,2,2,34.49,1,1,0,4,0.6666666666666666,188.435,0,0,-5,0,0.7330787920860812
25,58,288.81,4,29.89,6,9,0,44.0,1,2,5,4,0.0,83.2025,50,1,4,0,10.313653773161727
21,74,453.7,3,15.62,3,5,3,40.45,3,3,11,6,0.5,164.71666666666667,231,0,-9,1,3.4352320211128218
28,76,776.45,2,1.99,4,11,4,33.41,3,0,7,1,0.3333333333333333,404.93,0,0,-11,1,0.2559650138272558
28,79,126.99,2,35.53,6,7,2,38.78,3,2,8,4,0.25,82.88499999999999,80,0,-7,1,27.75998124853504
64,47,107.16,6,1.39,6,13,3,27.14,3,1,11,3,0.21428571428571427,22.383333333333336,44,0,-9,0,1.2851331360946745
37,22,190.65,1,26.6,10,2,0,29.47,2,1,5,3,0.0,220.12,20,1,3,0,13.879467779806939
43,83,1079.8,5,3.03,2,4,1,22.26,1,1,3,2,0.2,220.41199999999998,9,0,-3,1,0.2803478904515174
32,101,513.85,6,7.8,2,6,4,41.98,2,2,4,5,0.5714285714285714,92.63833333333334,48,0,-10,1,1.5150043702049139
29,14,504.09,1,63.97,7,3,1,38.05,1,2,10,5,0.25,542.14,120,0,-3,0,12.66506959155794
53,94,848.29,2,29.7,7,8,1,37.02,3,0,10,3,0.1111111111111111,442.655,0,0,-5,1,3.4970387029165537
53,25,504.75,4,27.33,11,7,2,32.18,2,4,10,9,0.25,134.2325,400,0,-6,0,5.403855659911023
55,34,143.97,6,33.99,2,14,1,40.01,2,1,4,4,0.06666666666666667,30.66333333333333,20,0,-4,0,23.446230254535422
25,25,346.06,1,30.22,1,4,4,13.34,1,1,3,3,0.8,359.4,12,0,-9,0,8.707428110413185
48,113,592.69,4,38.79,9,4,0,37.25,2,1,2,3,0.0,157.485,8,1,3,1,6.533712880459499
67,104,213.17,1,27.89,1,6,0,54.09,3,0,6,2,0.0,267.26,0,1,2,1,13.022365410655087
66,57,74.87,2,23.68,8,10,0,34.17,3,0,6,1,0.0,54.52,0,1,2,0,31.211282456834056
37,103,281.2,1,4.7,10,13,4,30.55,3,1,7,3,0.2857142857142857,311.75,28,0,-11,1,1.6654854712969527
37,68,41.29,3,99.62,6,8,3,35.83,3,3,4,6,0.3333333333333333,25.706666666666667,84,0,-9,1,235.56396311184676
57,86,252.04,6,20.34,7,4,5,36.92,3,2,6,5,1.0,48.16,72,0,-13,1,8.038254821372115
69,114,916.48,3,32.2,3,9,0,22.28,2,2,7,4,0.0,312.92,70,1,3,1,3.5096132885730484
29,15,182.19,2,18.18,3,11,1,45.48,1,1,9,3,0.08333333333333333,113.835,36,0,-3,0,9.924122495769419
27,20,600.53,5,7.27,7,10,5,31.03,1,0,7,3,0.45454545454545453,126.31199999999998,0,0,-11,0,1.2085847754891692
43,35,215.37,3,19.99,11,7,2,33.18,1,3,1,5,0.25,82.85000000000001,18,0,-5,0,9.238803900725607
45,118,204.15,2,23.56,5,13,4,25.72,3,0,8,3,0.2857142857142857,114.935,0,0,-11,1,11.484279795271751
37,30,627.83,1,89.05,6,6,3,49.16,3,1,8,3,0.42857142857142855,676.99,32,0,-9,0,14.161220043572984
53,34,233.13,1,2.43,6,11,5,30.7,3,1,8,7,0.4166666666666667,263.83,64,0,-13,0,1.0378849357194722
41,82,1273.41,3,0.27,4,2,5,17.28,2,0,2,3,1.6666666666666667,430.23,0,0,-12,1,0.02118627443287482
32,55,155.43,1,21.94,9,14,2,20.3,1,2,9,5,0.13333333333333333,175.73000000000002,108,0,-5,0,14.025442690021094
35,99,372.07,3,102.71,3,8,3,48.48,1,5,8,7,0.3333333333333333,140.18333333333334,320,0,-7,1,27.531026348942554
53,18,96.58,2,51.15,9,11,0,66.26,3,1,8,2,0.0,81.42,24,1,2,0,52.418528386964546
21,108,683.39,2,55.47,10,12,4,50.04,1,2,7,5,0.3076923076923077,366.715,84,0,-9,1,8.105027835006357
49,78,829.68,3,29.03,8,13,2,47.23,1,0,4,1,0.14285714285714285,292.30333333333334,0,0,-5,1,3.4947272114412296
66,41,270.17,5,9.08,6,12,3,35.09,1,2,9,5,0.23076923076923078,61.052,108,0,-7,0,3.3484529999631225
48,38,65.76,4,3.21,9,14,2,37.14,2,0,7,3,0.13333333333333333,25.725,0,0,-6,0,4.808268424206111
43,74,72.55,5,3.81,11,8,5,22.71,3,4,8,9,0.5555555555555556,19.052,320,0,-13,1,5.180149558123725
20,39,709.72,2,6.81,11,4,5,38.5,2,2,5,6,1.0,374.11,70,0,-12,0,0.9581832507879332
37,26,347.56,5,9.99,6,12,4,37.15,3,3,4,5,0.3076923076923077,76.942,72,0,-11,0,2.8660775763139776
33,111,383.44,2,1.24,11,8,2,56.0,1,1,3,3,0.2222222222222222,219.72,12,0,-5,1,0.32254708146914995
35,49,273.16,3,11.66,7,4,2,45.19,3,1,4,2,0.4,106.11666666666667,12,0,-7,0,4.252990954187336
51,46,432.25,3,23.32,7,13,0,58.99,1,1,4,1,0.0,163.74666666666667,8,1,4,0,5.382573571840739
60,62,414.12,2,20.7,2,12,1,41.65,3,2,10,5,0.07692307692307693,227.885,120,0,-5,1,4.986509924841009
52,17,140.96,3,6.84,6,13,1,25.31,3,0,6,1,0.07142857142857142,55.42333333333334,0,0,-5,0,4.81825866441251
22,71,706.42,5,61.23,5,4,0,24.83,3,1,3,1,0.0,146.25,6,1,2,1,8.65539566311385
22,51,240.49,1,14.86,9,13,3,29.46,2,0,8,5,0.21428571428571427,269.95,0,0,-8,0,6.153463911549132
53,37,460.87,1,4.18,7,10,3,28.28,3,0,7,3,0.2727272727272727,489.15,0,0,-9,0,0.9050165631021715
26,20,494.51,5,38.9,1,3,1,33.93,3,1,1,4,0.25,105.68799999999999,5,0,-5,0,7.850497467255958
42,27,675.26,6,28.5,2,7,1,24.72,3,1,2,4,0.125,116.66333333333334,10,0,-5,0,4.21435542542809
63,66,347.38,6,103.33,10,12,1,37.57,3,2,0,3,0.07692307692307693,64.15833333333333,0,0,-5,1,29.66014122509903
25,22,549.08,1,27.15,7,13,1,13.41,2,3,9,5,0.07142857142857142,562.49,162,0,-4,0,4.935645724258289
51,115,825.72,1,62.9,8,12,3,35.74,2,1,7,3,0.23076923076923078,861.46,28,0,-8,1,7.608380104509386
35,80,418.01,3,3.68,6,4,2,36.99,3,0,8,5,0.4,151.66666666666666,0,0,-7,1,0.8782606620367056
56,71,1176.27,3,103.23,6,4,3,25.84,1,0,9,2,0.6,400.7033333333333,0,0,-7,1,8.768591741911372
44,72,843.31,2,14.23,8,12,0,35.35,1,1,6,3,0.0,439.33,24,1,4,1,1.6853999123544672
32,19,810.51,3,22.57,9,9,1,50.4,3,2,3,8,0.1,286.96999999999997,54,0,-5,0,2.78123498170078
61,93,370.87,5,86.64,9,14,2,49.0,1,0,9,3,0.13333333333333333,83.974,0,0,-5,1,23.29846451716998
45,98,191.39,1,12.9,4,7,7,59.1,3,1,2,4,0.875,250.48999999999998,10,0,-17,1,6.705130204272572
44,100,267.66,1,76.87,10,5,3,59.97,2,1,7,3,0.5,327.63,28,0,-8,1,28.61237251544703
54,67,83.33,2,3.26,4,11,0,49.72,3,0,9,0,0.0,66.525,0,1,2,1,3.865765445274517
64,83,648.2,3,23.63,6,2,2,32.87,1,3,2,4,0.6666666666666666,227.02333333333334,30,0,-5,1,3.6398644485520637
61,17,278.54,1,30.87,7,10,3,36.72,2,2,7,5,0.2727272727272727,315.26,84,0,-8,0,11.043142305215712
29,101,87.28,1,13.01,4,13,4,31.42,1,3,3,7,0.2857142857142857,118.7,72,0,-9,1,14.737199818758494
23,116,284.14,5,38.98,4,4,4,49.83,2,3,11,6,0.8,66.794,231,0,-10,1,13.670477660096795
52,97,342.72,4,11.63,6,7,0,33.36,1,2,2,5,0.0,94.02000000000001,24,1,4,1,3.3835680204817877
25,40,714.93,3,139.66,8,14,4,54.39,1,1,10,3,0.26666666666666666,256.44,40,0,-9,0,19.507493749388907
43,113,277.63,2,29.58,4,8,0,39.39,3,0,3,0,0.0,158.51,0,1,2,1,10.616229408175716
28,85,1137.22,1,79.88,11,3,0,24.07,2,3,3,5,0.0,1161.29,54,1,3,1,7.017975435328847
67,37,28.41,3,63.62,10,8,3,26.79,2,1,6,3,0.3333333333333333,18.400000000000002,24,0,-8,0,216.32097925875553
23,92,347.47,1,67.31,4,5,1,54.28,3,0,3,2,0.16666666666666666,401.75,0,0,-5,1,19.315866502137915
28,46,489.61,1,17.65,10,14,1,30.82,3,1,3,2,0.06666666666666667,520.4300000000001,9,0,-5,0,3.5975622184627296
66,4,97.7,1,22.55,4,3,1,53.4,3,0,6,2,0.25,151.1,0,0,-5,0,22.847011144883485
63,103,195.02,6,23.53,8,10,2,26.28,2,1,2,4,0.18181818181818182,36.88333333333333,10,0,-6,1,12.003877155392306
19,25,66.18,4,4.5,4,7,2,46.54,2,1,10,3,0.25,28.18,40,0,-6,0,6.69842214944924
22,86,402.14,4,44.12,9,6,1,44.86,1,0,1,2,0.14285714285714285,111.75,0,0,-3,1,10.94408890211837
52,93,254.79,6,96.14,6,8,1,52.02,1,0,11,3,0.1111111111111111,51.135,0,0,-3,1,37.585519371359325
68,59,82.45,3,57.8,2,4,4,52.47,2,2,1,6,0.8,44.973333333333336,14,0,-10,0,69.26303175554224
19,20,357.92,6,0.24,10,10,2,45.67,3,1,11,4,0.18181818181818182,67.265,55,0,-7,0,0.06686726847208291
43,41,984.67,1,9.23,9,7,2,47.73,3,1,9,6,0.25,1032.3999999999999,63,0,-7,0,0.9364188825874786
46,92,355.29,1,10.24,4,13,1,41.51,1,3,1,6,0.07142857142857142,396.8,21,0,-3,1,2.8740632630722165
58,33,1171.74,2,0.47,6,5,1,45.97,2,2,5,5,0.16666666666666666,608.855,60,0,-4,0,0.04007708443474256
18,79,283.05,2,59.35,11,10,1,44.55,2,2,5,4,0.09090909090909091,163.8,50,0,-4,1,20.894208766062313
40,96,722.97,6,6.81,6,2,1,9.28,3,0,10,3,0.3333333333333333,122.04166666666667,0,0,-5,1,0.9406467118803264
47,13,538.64,6,34.79,5,4,4,47.44,3,0,0,2,0.8,97.67999999999999,0,0,-11,0,6.446890519605663
53,43,525.0,1,8.5,2,7,3,35.24,3,2,10,7,0.375,560.24,160,0,-9,0,1.6159695817490494
46,87,506.53,6,2.69,8,11,1,31.43,3,1,1,4,0.08333333333333333,89.65999999999998,5,0,-5,1,0.5300179299745829
22,35,1329.51,2,22.99,3,10,2,40.23,2,1,2,4,0.18181818181818182,684.87,10,0,-6,0,1.7279088469834873
54,68,1060.85,6,9.41,6,7,1,40.87,3,3,1,5,0.125,183.61999999999998,18,0,-5,1,0.8861891980976598
24,1,539.02,6,16.34,1,14,2,44.91,1,1,9,4,0.13333333333333333,97.32166666666666,45,0,-5,0,3.0258138587459724
58,76,897.65,2,4.05,5,8,5,15.81,1,2,1,7,0.5555555555555556,456.72999999999996,16,0,-11,1,0.4506760140210315
51,83,553.67,4,0.04,6,13,1,25.93,2,1,3,4,0.07142857142857142,144.89999999999998,15,0,-4,1,0.007211495123226423
23,45,323.6,3,26.73,4,10,3,44.97,3,3,8,5,0.2727272727272727,122.85666666666668,144,0,-9,0,8.234750462107208
50,3,818.05,2,31.12,1,11,5,39.17,3,3,4,7,0.4166666666666667,428.60999999999996,96,0,-13,0,3.799523838593493
43,6,156.64,1,31.41,4,12,1,68.18,3,4,0,6,0.07692307692307693,224.82,0,0,-5,0,19.92514590205532
54,101,86.15,2,112.42,11,10,3,36.23,3,1,0,2,0.2727272727272727,61.19,0,0,-9,1,128.99598393574297
23,25,1511.97,3,40.03,9,4,2,22.27,2,2,2,6,0.4,511.41333333333336,28,0,-6,0,2.6457894075890467
46,40,296.12,5,35.36,9,6,2,37.51,3,1,7,3,0.2857142857142857,66.726,28,0,-7,0,11.900915455035003
42,85,239.77,5,65.11,10,4,2,44.37,1,1,3,4,0.4,56.827999999999996,15,0,-5,1,27.04240561531752
42,48,1169.02,5,0.13,1,13,3,54.99,1,2,10,4,0.21428571428571427,244.802,100,0,-7,0,0.011110921180834517
29,1,846.57,2,23.25,9,5,6,37.5,3,3,7,8,1.0,442.035,189,0,-15,0,2.7431362601319065
55,93,101.09,6,20.13,1,12,3,33.4,3,2,4,7,0.23076923076923078,22.415000000000003,64,0,-9,1,19.71789597414046
53,111,370.2,4,21.2,3,5,3,21.88,1,0,6,2,0.5,98.02,0,0,-7,1,5.711206896551724
21,18,396.21,3,45.62,4,2,1,51.29,2,2,7,5,0.3333333333333333,149.16666666666666,84,0,-4,0,11.485108632713175
63,45,528.61,2,19.39,1,14,2,28.01,2,3,7,7,0.13333333333333333,278.31,168,0,-6,0,3.6611846453050356
44,9,273.49,5,5.72,9,9,2,31.93,1,1,3,5,0.2,61.084,18,0,-5,0,2.0838646216619914
19,48,143.79,2,35.31,4,2,4,43.31,1,3,0,7,1.3333333333333333,93.55,0,0,-9,0,24.38704330409559
43,50,640.13,1,16.48,2,3,2,51.76,3,1,6,4,0.5,691.89,30,0,-7,0,2.570461528863101
29,108,800.38,5,44.6,2,2,3,45.79,2,3,11,5,1.0,169.23399999999998,198,0,-8,1,5.56539968554244
46,75,1274.7,6,59.31,10,7,3,40.71,1,1,6,3,0.375,219.235,24,0,-7,1,4.649212197225053
25,113,164.58,5,5.7,3,8,3,28.1,2,1,3,5,0.3333333333333333,38.536,18,0,-8,1,3.442444739702862
53,7,214.0,6,5.39,3,13,3,23.47,2,2,6,6,0.21428571428571427,39.57833333333333,84,0,-8,0,2.5069767441860464
51,40,304.38,1,14.74,6,12,4,9.06,2,1,1,5,0.3076923076923077,313.44,6,0,-10,0,4.826773200602528
32,55,107.37,4,121.72,2,12,1,22.03,3,4,10,8,0.07692307692307693,32.35,360,0,-5,0,112.31890744671034
30,117,520.24,2,31.98,8,3,3,18.01,3,4,0,10,0.75,269.125,0,0,-9,1,6.135369503491674
47,48,470.3,5,30.46,8,5,1,32.18,3,1,2,5,0.16666666666666666,100.49600000000001,12,0,-5,0,6.462974750689582
59,52,463.22,4,21.62,10,5,0,46.27,1,0,8,4,0.0,127.3725,0,1,4,0,4.657274568092714
24,7,1034.61,4,74.44,8,7,1,40.22,3,1,2,5,0.125,268.7075,12,0,-5,0,7.188034105503037
57,95,383.08,1,1.36,5,2,1,31.84,1,0,5,2,0.3333333333333333,414.91999999999996,0,0,-3,1,0.3540928973130598
68,108,318.46,4,57.31,2,5,4,17.35,3,3,5,6,0.6666666666666666,83.9525,105,0,-11,1,17.939648156263697
34,110,381.05,3,5.4,6,10,3,48.09,1,2,0,4,0.2727272727272727,143.04666666666665,0,0,-7,1,1.4134275618374559
52,97,612.64,4,42.0,2,4,1,37.52,1,1,5,3,0.2,162.54,20,0,-3,1,6.844403885014015
57,116,149.04,3,5.27,10,11,0,24.78,2,0,11,2,0.0,57.94,0,1,3,1,3.512396694214876
61,21,1014.41,4,16.82,11,11,5,31.57,2,1,1,3,0.4166666666666667,261.495,4,0,-12,0,1.6564737396716596
35,47,194.03,2,66.69,7,4,3,15.05,3,1,9,5,0.6,104.54,54,0,-9,0,34.1947392708814
20,32,424.14,3,0.42,3,2,5,26.43,3,2,0,4,1.6666666666666667,150.19,0,0,-13,0,0.09879098649856519
53,49,657.27,1,32.18,2,8,2,46.55,2,1,5,3,0.2222222222222222,703.8199999999999,20,0,-6,0,4.88857155878287
20,19,953.2,2,19.67,11,12,2,39.52,3,2,3,4,0.15384615384615385,496.36,30,0,-7,0,2.0614127017396773
54,47,338.2,2,19.02,3,3,1,41.31,3,2,0,4,0.25,189.755,0,0,-5,0,5.607311320754717
67,16,727.45,2,10.69,7,10,2,34.21,2,2,7,4,0.18181818181818182,380.83000000000004,70,0,-6,0,1.467499485208319
64,13,105.79,3,6.31,2,7,3,32.38,2,3,7,5,0.375,46.05666666666667,126,0,-8,0,5.908792958142147
55,70,474.88,6,36.63,5,12,4,55.7,2,1,0,3,0.3076923076923077,88.43,0,0,-10,1,7.697318651760948
63,14,139.73,4,39.35,4,2,2,55.53,3,0,4,3,0.6666666666666666,48.815,0,0,-7,0,27.961344418389828
42,115,377.66,1,52.49,8,10,2,39.96,1,0,10,1,0.18181818181818182,417.62,0,0,-5,1,13.8620398246448
39,97,22.06,5,41.75,4,8,3,31.92,1,1,7,5,0.3333333333333333,10.796000000000001,42,0,-7,1,181.0494362532524
54,18,441.68,3,24.7,8,6,3,43.68,3,1,1,4,0.42857142857142855,161.78666666666666,5,0,-9,0,5.579651215324839
51,33,263.56,6,11.39,2,5,3,22.78,3,1,3,6,0.5,47.723333333333336,21,0,-9,0,4.305261566374358
38,101,351.56,3,37.01,1,11,4,38.78,1,0,2,5,0.3333333333333333,130.11333333333334,0,0,-9,1,10.497503970955298
41,92,478.47,2,0.91,10,4,2,34.62,3,2,7,4,0.4,256.545,70,0,-7,1,0.18979289632302332
39,49,387.3,4,10.41,11,4,4,28.6,3,5,8,7,0.8,103.97500000000001,320,0,-11,0,2.680916816894154
41,104,24.0,6,85.49,10,5,2,29.58,3,0,9,4,0.3333333333333333,8.93,0,0,-7,1,341.96
37,100,588.29,3,2.18,9,2,1,43.77,1,1,1,2,0.3333333333333333,210.68666666666664,3,0,-3,1,0.36993670349064134
52,21,764.43,3,4.78,3,3,4,52.18,2,0,0,2,1.0,272.2033333333333,0,0,-10,0,0.6244855832669219
19,107,204.35,5,8.31,9,13,4,42.04,2,0,9,4,0.2857142857142857,49.278,0,0,-10,1,4.046749452154859
45,96,421.83,3,75.88,8,9,0,65.26,3,4,5,6,0.0,162.36333333333332,140,1,2,1,17.945746517512948
38,70,449.7,1,62.82,4,10,4,27.9,3,4,9,8,0.36363636363636365,477.59999999999997,324,0,-11,1,13.938318171732861
52,91,463.66,4,22.48,5,4,0,50.04,1,3,7,4,0.0,128.425,105,1,4,1,4.837946025050575
40,48,121.36,6,20.14,11,13,2,41.34,2,2,7,6,0.14285714285714285,27.116666666666664,98,0,-6,0,16.459627329192546
23,91,358.56,3,3.13,9,8,1,40.58,1,0,11,2,0.1111111111111111,133.04666666666665,0,0,-3,1,0.8705083991545222
60,23,163.57,1,54.73,2,2,1,38.28,3,2,0,3,0.3333333333333333,201.85,0,0,-5,0,33.25636507261348
49,65,909.44,2,39.76,2,6,2,28.48,3,3,2,5,0.2857142857142857,468.96000000000004,36,0,-7,1,4.36711919511445
67,22,1231.91,5,27.43,7,10,1,67.91,3,4,8,6,0.09090909090909091,259.96400000000006,224,0,-5,0,2.22481770769967
68,119,559.41,3,81.77,9,12,3,50.28,2,1,8,3,0.23076923076923078,203.23,32,0,-8,1,14.591102942488535
21,1,286.72,1,33.24,3,7,3,33.52,2,0,7,4,0.375,320.24,0,0,-8,0,11.552898651466704
50,77,462.99,3,1.92,1,8,0,30.11,2,3,1,5,0.0,164.36666666666667,18,1,3,1,0.413802021595293
26,58,1775.08,2,39.88,5,11,1,43.62,1,1,3,3,0.08333333333333333,909.3499999999999,12,0,-3,0,2.2453943516057837
57,32,340.1,3,55.26,3,4,3,51.14,1,0,10,2,0.6,130.41333333333333,0,0,-7,0,16.200527704485488
64,68,742.9,1,55.36,7,6,0,37.05,1,2,9,3,0.0,779.9499999999999,72,1,4,1,7.441860465116279
28,38,60.96,2,95.06,4,9,0,30.19,2,0,7,1,0.0,45.575,0,1,3,0,153.42156229825693
31,21,616.66,3,24.83,3,11,2,35.46,1,0,7,6,0.16666666666666666,217.37333333333333,0,0,-5,0,4.020011009293138
39,81,272.0,5,40.33,6,8,1,48.07,1,2,5,5,0.1111111111111111,64.014,60,0,-3,1,14.772893772893772
31,5,100.37,5,22.53,2,14,3,34.02,2,1,8,4,0.2,26.878000000000004,40,0,-8,0,22.225510506066882
31,102,136.43,1,16.92,1,2,4,39.46,3,0,8,3,1.3333333333333333,175.89000000000001,0,0,-11,1,12.311722331368697
61,84,83.92,4,14.2,8,4,4,40.02,2,1,11,5,0.8,30.985,66,0,-10,1,16.721620348563352
41,99,351.47,6,22.99,3,10,0,37.16,1,3,7,6,0.0,64.77166666666666,147,1,4,1,6.522540925468833
67,18,350.38,5,24.97,10,4,2,53.36,1,0,0,4,0.4,80.748,0,0,-5,0,7.10626671979054
68,19,613.83,3,3.05,2,11,2,40.42,1,1,2,3,0.16666666666666666,218.08333333333334,8,0,-5,0,0.49607208496657607
23,42,746.51,3,11.48,9,9,4,46.99,2,2,9,5,0.4,264.5,108,0,-10,0,1.5357654078206313
61,38,447.5,5,24.81,6,7,2,44.85,3,2,4,5,0.25,98.47,48,0,-7,0,5.5317725752508355
34,11,269.15,4,78.77,2,10,2,49.66,2,1,10,2,0.18181818181818182,79.70249999999999,30,0,-6,0,29.157875254488246
34,97,663.74,4,4.52,7,4,1,35.45,3,0,4,2,0.2,174.7975,0,0,-5,1,0.6799650991365044
37,112,314.71,2,12.11,7,5,2,41.56,1,1,1,4,0.3333333333333333,178.135,5,0,-5,1,3.8357986760001266
19,53,252.46,5,5.47,11,13,2,59.95,3,1,4,4,0.14285714285714285,62.482000000000006,20,0,-7,0,2.1581314605854964
27,9,881.32,5,8.6,10,5,4,45.78,1,2,3,5,0.6666666666666666,185.42000000000002,36,0,-9,0,0.9747030555807416
62,29,791.34,1,11.14,6,8,3,34.48,3,0,0,3,0.3333333333333333,825.82,0,0,-9,0,1.4059620869828608
29,39,711.22,6,4.92,2,2,1,28.2,1,3,2,6,0.3333333333333333,123.23666666666668,42,0,-3,0,0.690797787200584
26,1,33.61,3,18.68,2,5,3,57.72,2,1,11,5,0.5,30.44333333333333,66,0,-8,0,53.97284021958971
62,9,160.55,2,18.7,9,9,2,6.71,3,1,0,4,0.2,83.63000000000001,0,0,-7,0,11.575363664500154
30,84,265.06,5,29.19,2,13,3,34.42,1,0,3,2,0.21428571428571427,59.896,0,0,-7,1,10.971209501616178
